{"settings":{"licence":"copyright","opExample":[],"isPublic":true,"manualScreenshot":false},"ops":[{"opId":"b0472a1d-db16-4ba6-8787-f300fbdc77bb","objName":"Ops.Gl.MainLoop","id":"81fffd58-c7a0-44b3-8e77-68e5fcda6381","uiAttribs":{"history":{"createdAt":1662935793627,"createdBy":{"name":"jruette"},"lastInteractionAt":1662935917898,"lastInteractionBy":{"name":"jruette"}},"translate":{"x":72,"y":-420}},"portsIn":[{"name":"FPS Limit","value":0},{"name":"Reduce FPS not focussed","value":false},{"name":"Reduce FPS loading","value":false},{"name":"Clear","value":true},{"name":"ClearAlpha","value":true},{"name":"Fullscreen Button","value":false},{"name":"Active","value":true},{"name":"Hires Displays","value":false},{"name":"Pixel Unit index","value":0},{"name":"Pixel Unit","value":"Display"}],"portsOut":[{"name":"trigger","links":[{"portIn":"exe","portOut":"trigger","objIn":"4f49a79b-e506-4b3a-a1c5-7b53a8f9f18f","objOut":"81fffd58-c7a0-44b3-8e77-68e5fcda6381"}]},{"name":"width","value":830},{"name":"height","value":440}]},{"opId":"a466bc1f-06e9-4595-8849-bffb9fe22f99","objName":"Ops.Sequence","id":"4f49a79b-e506-4b3a-a1c5-7b53a8f9f18f","uiAttribs":{"history":{"createdAt":1662935931500,"createdBy":{"name":"jruette"},"lastInteractionAt":1662935931500,"lastInteractionBy":{"name":"jruette"}},"translate":{"x":72,"y":-380}},"portsIn":[{"name":"exe"},{"name":"Clean up connections","value":0},{"name":"exe 0","value":0},{"name":"exe 1","value":0},{"name":"exe 2","value":0},{"name":"exe 3","value":0},{"name":"exe 4","value":0},{"name":"exe 5","value":0},{"name":"exe 6","value":0},{"name":"exe 7","value":0},{"name":"exe 8","value":0},{"name":"exe 9","value":0},{"name":"exe 10","value":0},{"name":"exe 11","value":0},{"name":"exe 12","value":0},{"name":"exe 13","value":0},{"name":"exe 14","value":0}],"portsOut":[{"name":"trigger 0","value":0},{"name":"trigger 1","links":[{"portIn":"render","portOut":"trigger 1","objIn":"ef1cebf4-4237-49d4-a4c3-c38a3786d886","objOut":"4f49a79b-e506-4b3a-a1c5-7b53a8f9f18f"}]},{"name":"trigger 2","value":0},{"name":"trigger 3","value":0},{"name":"trigger 4","value":0},{"name":"trigger 5","value":0},{"name":"trigger 6","value":0},{"name":"trigger 7","links":[{"portIn":"Render","portOut":"trigger 7","objIn":"69009b70-a54c-4d5f-8319-977de15778aa","objOut":"4f49a79b-e506-4b3a-a1c5-7b53a8f9f18f"}]},{"name":"trigger 8","value":0},{"name":"trigger 9","value":0},{"name":"trigger 10","value":0},{"name":"trigger 11","value":0},{"name":"trigger 12","links":[{"portIn":"Render","portOut":"trigger 12","objIn":"3ab2a109-973f-4bf0-a812-aee0c9fc4733","objOut":"4f49a79b-e506-4b3a-a1c5-7b53a8f9f18f"}]},{"name":"trigger 13","value":0},{"name":"trigger 14","links":[{"portIn":"exe","portOut":"trigger 14","objIn":"e7a4d908-97e0-4365-8eac-ac8bca723175","objOut":"4f49a79b-e506-4b3a-a1c5-7b53a8f9f18f"}]},{"name":"trigger 15","value":0}]},{"opId":"71c0468d-e942-4574-a91d-b3d7271922d0","objName":"Ops.Gl.Textures.WebcamTexture_v3","id":"3ab2a109-973f-4bf0-a812-aee0c9fc4733","uiAttribs":{"history":{"createdAt":1662935971951,"createdBy":{"name":"jruette"},"lastInteractionAt":1681435053543,"lastInteractionBy":{"name":"jruette"}},"translate":{"x":1140,"y":-260}},"portsIn":[{"name":"Render"},{"name":"Active","value":true},{"name":"Generate Texture","value":true},{"name":"Webcam Input index","value":0},{"name":"Webcam Input","value":"Microsoft Camera Front"},{"name":"Requested Width","value":320},{"name":"Requested Height","value":256},{"name":"Flip X","value":true},{"name":"Flip Y","value":false},{"name":"Show HTML Element","value":false},{"name":"CSS","value":"z-index:99999;position:absolute;"},{"name":"Element Flip X","value":false},{"name":"Element Flip Y","value":false}],"portsOut":[{"name":"Next","links":[{"portIn":"Render","portOut":"Next","objIn":"b5354547-eb2a-457c-bd15-92f1a95db7cf","objOut":"3ab2a109-973f-4bf0-a812-aee0c9fc4733"}]},{"name":"Texture","links":[{"portIn":"Base Texture","portOut":"Texture","objIn":"b5354547-eb2a-457c-bd15-92f1a95db7cf","objOut":"3ab2a109-973f-4bf0-a812-aee0c9fc4733"},{"portIn":"texture0","portOut":"Texture","objIn":"97576b20-f239-4957-804b-7068b186bf95","objOut":"3ab2a109-973f-4bf0-a812-aee0c9fc4733"},{"portIn":"texture0","portOut":"Texture","objIn":"ac24cf74-58b0-4007-9aa1-8f7aec72f113","objOut":"3ab2a109-973f-4bf0-a812-aee0c9fc4733"}]},{"name":"Ratio","value":1.3333333333333333},{"name":"Available","value":1},{"name":"Size Width","value":640},{"name":"Size Height","value":480},{"name":"Error","value":""},{"name":"HTML Element","links":[{"portIn":"Element","portOut":"HTML Element","objIn":"41b9b9d2-f158-4303-9e9d-5c2b132f1aa4","objOut":"3ab2a109-973f-4bf0-a812-aee0c9fc4733"}]},{"name":"Available devices"},{"name":"Active device","value":"Integrated Camera (13d3:56ff)"},{"name":"Texture updated","value":0}]},{"opId":"5251e50f-abaf-4ca3-a809-61f8ca58ec35","objName":"Ops.Libs.Mediapipe.MpHandTracking","id":"41b9b9d2-f158-4303-9e9d-5c2b132f1aa4","uiAttribs":{"history":{"createdAt":1662936015850,"createdBy":{"name":"jruette"},"lastInteractionAt":1662948839179,"lastInteractionBy":{"name":"jruette"}},"translate":{"x":-336,"y":-200}},"portsIn":[{"name":"Element"},{"name":"Min Confidence Detect","value":0.6},{"name":"Min Confidence Tracking","value":0.5}],"portsOut":[{"name":"Result","links":[{"portIn":"Hands Result","portOut":"Result","objIn":"990c4765-357f-402c-90a3-10eddc0fae52","objOut":"41b9b9d2-f158-4303-9e9d-5c2b132f1aa4"},{"portIn":"Hands Result","portOut":"Result","objIn":"9391479b-c40d-4e84-8f15-c07820395e95","objOut":"41b9b9d2-f158-4303-9e9d-5c2b132f1aa4"}]},{"name":"Found Hands","value":1}]},{"opId":"935b0d02-1dce-4d5c-87a8-f1fa36c5d25e","objName":"Ops.Libs.Mediapipe.MpHand","id":"990c4765-357f-402c-90a3-10eddc0fae52","uiAttribs":{"history":{"createdAt":1662936070913,"createdBy":{"name":"jruette"},"lastInteractionAt":1662948813893,"lastInteractionBy":{"name":"jruette"}},"translate":{"x":-264,"y":-120}},"portsIn":[{"name":"Hands Result"},{"name":"Hand index","value":0},{"name":"Hand","value":"Left"},{"name":"Min Score","value":0.3}],"portsOut":[{"name":"Points","links":[{"portIn":"Hand Points","portOut":"Points","objIn":"482293d9-e6ad-49c6-865a-1a4c3c3b3d22","objOut":"990c4765-357f-402c-90a3-10eddc0fae52"},{"portIn":"Array","portOut":"Points","objIn":"849bdc0e-4395-4989-b18f-29cc8294f468","objOut":"990c4765-357f-402c-90a3-10eddc0fae52"}]},{"name":"Lines","links":[{"portIn":"Points","portOut":"Lines","objIn":"5908a58b-796a-4cee-9a1a-8c90a9a11675","objOut":"990c4765-357f-402c-90a3-10eddc0fae52"}]},{"name":"Data"},{"name":"Found Hand","links":[{"portIn":"boolean","portOut":"Found Hand","objIn":"90e18b30-52a2-48b4-b6d9-44ecead9cae3","objOut":"990c4765-357f-402c-90a3-10eddc0fae52"},{"portIn":"bool 2","portOut":"Found Hand","objIn":"83ae68ee-019b-4d08-af97-fb494631d934","objOut":"990c4765-357f-402c-90a3-10eddc0fae52"}]},{"name":"Score","value":0.8427734375}]},{"opId":"d3adef3d-5c99-48fd-86f0-48ec4a290afb","objName":"Ops.Libs.Mediapipe.MpHandCoordinate","id":"482293d9-e6ad-49c6-865a-1a4c3c3b3d22","uiAttribs":{"title":"MpHandCoordinate right finger","history":{"createdAt":1662936110154,"createdBy":{"name":"jruette"},"lastInteractionAt":1662936207919,"lastInteractionBy":{"name":"jruette"}},"translate":{"x":-72,"y":600}},"portsIn":[{"name":"Hand Points"},{"name":"Joint index","value":0},{"name":"Joint","value":"INDEX_FINGER_TIP"}],"portsOut":[{"name":"X","links":[{"portIn":"Value","portOut":"X","objIn":"ecf8448f-ad8f-465b-b2e2-d21aa01307e9","objOut":"482293d9-e6ad-49c6-865a-1a4c3c3b3d22"}]},{"name":"Y","links":[{"portIn":"Value","portOut":"Y","objIn":"8821d99d-f59f-4cc1-8c86-a623cad19750","objOut":"482293d9-e6ad-49c6-865a-1a4c3c3b3d22"}]},{"name":"Z","value":0}]},{"opId":"650baeb1-db2d-4781-9af6-ab4e9d4277be","objName":"Ops.Gl.Matrix.Transform","id":"20bc395e-c542-48ec-a890-632924a0dffb","uiAttribs":{"history":{"createdAt":1662936360803,"createdBy":{"name":"jruette"},"lastInteractionAt":1662936360803,"lastInteractionBy":{"name":"jruette"}},"translate":{"x":-72,"y":1800}},"portsIn":[{"name":"render"},{"name":"posX"},{"name":"posY"},{"name":"posZ","value":0},{"name":"scale","value":1},{"name":"rotX","value":0},{"name":"rotY","value":0},{"name":"rotZ","value":0}],"portsOut":[{"name":"trigger","links":[{"portIn":"render","portOut":"trigger","objIn":"f4d8da54-65fc-43bb-9d4e-9941f8ae75ca","objOut":"20bc395e-c542-48ec-a890-632924a0dffb"}]}]},{"opId":"9549e2ed-a544-4d33-a672-05c7854ccf5d","objName":"Ops.Boolean.IfTrueThen_v2","id":"90e18b30-52a2-48b4-b6d9-44ecead9cae3","uiAttribs":{"history":{"createdAt":1662937222498,"createdBy":{"name":"jruette"},"lastInteractionAt":1662937222499,"lastInteractionBy":{"name":"jruette"}},"translate":{"x":-84,"y":160}},"portsIn":[{"name":"exe"},{"name":"boolean"}],"portsOut":[{"name":"then","links":[{"portIn":"render","portOut":"then","objIn":"ba230ac6-50e7-4fe4-a0f4-d9f08a1aa605","objOut":"90e18b30-52a2-48b4-b6d9-44ecead9cae3"},{"portIn":"render","portOut":"then","objIn":"7004bfcc-c9ed-481d-bc8f-f1b8832df7f0","objOut":"90e18b30-52a2-48b4-b6d9-44ecead9cae3"}]},{"name":"else","value":0}]},{"opId":"949d6daf-d677-4ed6-a921-51a5732b64ac","objName":"Ops.Gl.PixelProjection","id":"455b1734-857d-4ad5-bdb5-17651741ff4b","uiAttribs":{"history":{"createdAt":1662937290864,"createdBy":{"name":"jruette"},"lastInteractionAt":1662938335069,"lastInteractionBy":{"name":"jruette"}},"translate":{"x":-348,"y":60}},"portsIn":[{"name":"render"},{"name":"use viewport size","value":false},{"name":"Width","value":2},{"name":"Height","value":2},{"name":"frustum near","value":-500},{"name":"frustum far","value":500},{"name":"Axis index","value":0},{"name":"Axis","value":"X"},{"name":"Position 0,0 index","value":0},{"name":"Position 0,0","value":"Center"},{"name":"Flip X","value":true},{"name":"Flip Y","value":false},{"name":"Zero Y","value":false}],"portsOut":[{"name":"trigger","links":[{"portIn":"exe","portOut":"trigger","objIn":"90e18b30-52a2-48b4-b6d9-44ecead9cae3","objOut":"455b1734-857d-4ad5-bdb5-17651741ff4b"},{"portIn":"exe","portOut":"trigger","objIn":"0cbbe7f0-cb47-46f8-a7b9-b46b78b0bf19","objOut":"455b1734-857d-4ad5-bdb5-17651741ff4b"}]}]},{"opId":"d01fa820-396c-4cb5-9d78-6b14762852af","objName":"Ops.Gl.Render2Texture","id":"ef1cebf4-4237-49d4-a4c3-c38a3786d886","uiAttribs":{"title":"Render2Texture HANDS","history":{"createdAt":1662937422652,"createdBy":{"name":"jruette"},"lastInteractionAt":1665403879926,"lastInteractionBy":{"name":"rufus"}},"translate":{"x":-48,"y":-20}},"portsIn":[{"name":"render"},{"name":"use viewport size","value":true},{"name":"texture width","value":830},{"name":"texture height","value":440},{"name":"Auto Aspect","value":false},{"name":"filter index","value":1},{"name":"filter","value":"linear"},{"name":"Wrap index","value":1},{"name":"Wrap","value":"Clamp"},{"name":"MSAA index","value":0},{"name":"MSAA","value":"4x"},{"name":"HDR","value":true},{"name":"Depth","value":true},{"name":"Clear","value":true}],"portsOut":[{"name":"trigger","links":[{"portIn":"render","portOut":"trigger","objIn":"455b1734-857d-4ad5-bdb5-17651741ff4b","objOut":"ef1cebf4-4237-49d4-a4c3-c38a3786d886"}]},{"name":"texture","links":[{"portIn":"Image","portOut":"texture","objIn":"381c91b6-13a2-4226-81a2-6ab0181c2b45","objOut":"ef1cebf4-4237-49d4-a4c3-c38a3786d886"}]},{"name":"textureDepth"}]},{"opId":"255bd15b-cc91-4a12-9b4e-53c710cbb282","objName":"Ops.Gl.Meshes.FullscreenRectangle","id":"df88a6e6-dd49-40bd-81a3-fb8270d7c6b4","uiAttribs":{"history":{"createdAt":1662937644924,"createdBy":{"name":"jruette"},"lastInteractionAt":1662937686285,"lastInteractionBy":{"name":"jruette"}},"translate":{"x":1176,"y":720}},"portsIn":[{"name":"render"},{"name":"Scale index","value":0},{"name":"Scale","value":"Fit"},{"name":"Flip Y","value":false},{"name":"Flip X","value":false},{"name":"Texture"}],"portsOut":[{"name":"trigger","value":0}]},{"opId":"d01fa820-396c-4cb5-9d78-6b14762852af","objName":"Ops.Gl.Render2Texture","id":"7004bfcc-c9ed-481d-bc8f-f1b8832df7f0","uiAttribs":{"title":"Render2Texture PAINT","history":{"createdAt":1665322047739,"createdBy":{"name":"rufus"},"lastInteractionAt":1683077184448,"lastInteractionBy":{"name":"jruette"}},"translate":{"x":48,"y":1240}},"portsIn":[{"name":"render"},{"name":"use viewport size","value":true},{"name":"texture width","value":830},{"name":"texture height","value":440},{"name":"Auto Aspect","value":false},{"name":"filter index","value":1},{"name":"filter","value":"linear"},{"name":"Wrap index","value":1},{"name":"Wrap","value":"Repeat"},{"name":"MSAA index","value":0},{"name":"MSAA","value":"none"},{"name":"HDR","value":false},{"name":"Depth","value":true},{"name":"Clear"}],"portsOut":[{"name":"trigger","links":[{"portIn":"exe","portOut":"trigger","objIn":"3430cf85-744b-4829-96a4-47088d4fa0f5","objOut":"7004bfcc-c9ed-481d-bc8f-f1b8832df7f0"},{"portIn":"exe","portOut":"trigger","objIn":"29bf22e6-6421-48bb-92e5-3a1655eef2ec","objOut":"7004bfcc-c9ed-481d-bc8f-f1b8832df7f0"},{"portIn":"exe","portOut":"trigger","objIn":"a553ca99-7a81-4e0f-9ee6-e8e9678f9234","objOut":"7004bfcc-c9ed-481d-bc8f-f1b8832df7f0"}]},{"name":"texture","links":[{"portIn":"Mask","portOut":"texture","objIn":"4008e422-a400-438f-9ec7-9b2c332237c4","objOut":"7004bfcc-c9ed-481d-bc8f-f1b8832df7f0"}]},{"name":"textureDepth"}]},{"opId":"ec55d252-3843-41b1-b731-0482dbd9e72b","objName":"Ops.Gl.Shader.BasicMaterial_v3","id":"f4d8da54-65fc-43bb-9d4e-9941f8ae75ca","uiAttribs":{"history":{"createdAt":1662936421613,"createdBy":{"name":"jruette"},"lastInteractionAt":1665322303424,"lastInteractionBy":{"name":"rufus"}},"translate":{"x":-72,"y":1860}},"portsIn":[{"name":"render"},{"name":"r","value":0.8117647058823533},{"name":"g","value":0.05098039215686271},{"name":"b","value":0.9254901960784314},{"name":"a","value":1},{"name":"texture","value":0},{"name":"colorizeTexture","value":false},{"name":"Vertex Colors","value":false},{"name":"textureOpacity","value":0},{"name":"Alpha Mask Source index","value":0},{"name":"Alpha Mask Source","value":"Luminance"},{"name":"Opacity TexCoords Transform","value":false},{"name":"Discard Transparent Pixels","value":false},{"name":"diffuseRepeatX","value":1},{"name":"diffuseRepeatY","value":1},{"name":"Tex Offset X","value":0},{"name":"Tex Offset Y","value":0},{"name":"Crop TexCoords","value":false},{"name":"billboard","value":false}],"portsOut":[{"name":"trigger","links":[{"portIn":"render","portOut":"trigger","objIn":"b180e3ef-f208-4825-9062-bdd7c34b20ec","objOut":"f4d8da54-65fc-43bb-9d4e-9941f8ae75ca"}]},{"name":"shader"}]},{"opId":"d2343a1e-64ea-45b2-99ed-46e167bbdcd3","objName":"Ops.Math.MathExpression","id":"b67da400-060b-46ad-8111-70b2f5856c14","uiAttribs":{"title":"distance between hands","history":{"createdAt":1665326185742,"createdBy":{"name":"rufus"},"lastInteractionAt":1665398944057,"lastInteractionBy":{"name":"rufus"}},"translate":{"x":-384,"y":840}},"portsIn":[{"name":"A"},{"name":"B"},{"name":"C"},{"name":"D"},{"name":"Expression","value":"Math.sqrt((Math.pow(a-c,2))+(Math.pow(b-d,2)))"}],"portsOut":[{"name":"Result","links":[{"portIn":"number","portOut":"Result","objIn":"3430cf85-744b-4829-96a4-47088d4fa0f5","objOut":"b67da400-060b-46ad-8111-70b2f5856c14"}]},{"name":"Expression Valid","value":true}]},{"opId":"c80437f0-f0e1-465c-9cea-8a044aa2feaa","objName":"Ops.Math.Compare.IfBetweenThen","id":"3430cf85-744b-4829-96a4-47088d4fa0f5","uiAttribs":{"history":{"createdAt":1665326553470,"createdBy":{"name":"rufus"},"lastInteractionAt":1665398981289,"lastInteractionBy":{"name":"rufus"}},"translate":{"x":-336,"y":940}},"portsIn":[{"name":"exe"},{"name":"number"},{"name":"min","value":0.04},{"name":"max","value":10}],"portsOut":[{"name":"then","links":[{"portIn":"reset","portOut":"then","objIn":"3394ddab-aa2f-4d52-8317-ee438546c31e","objOut":"3430cf85-744b-4829-96a4-47088d4fa0f5"}]},{"name":"else","links":[{"portIn":"trigger","portOut":"else","objIn":"3394ddab-aa2f-4d52-8317-ee438546c31e","objOut":"3430cf85-744b-4829-96a4-47088d4fa0f5"}]},{"name":"bs between","value":1}]},{"opId":"712a25f4-3a93-4042-b8c5-2f56169186cc","objName":"Ops.Boolean.ToggleBool","id":"3394ddab-aa2f-4d52-8317-ee438546c31e","uiAttribs":{"history":{"createdAt":1665326793039,"createdBy":{"name":"rufus"},"lastInteractionAt":1665326793039,"lastInteractionBy":{"name":"rufus"}},"translate":{"x":-360,"y":1020}},"portsIn":[{"name":"trigger"},{"name":"reset"},{"name":"Default","value":false}],"portsOut":[{"name":"result","links":[{"portIn":"bool 1","portOut":"result","objIn":"64be61ee-46c8-4dea-b9f0-8d1ad86281db","objOut":"3394ddab-aa2f-4d52-8317-ee438546c31e"}]}]},{"opId":"b28c1e66-1c88-4394-bf73-327c0e82ea34","objName":"Ops.Math.SimpleMovingAverage","id":"ecf8448f-ad8f-465b-b2e2-d21aa01307e9","uiAttribs":{"history":{"createdAt":1665327995962,"createdBy":{"name":"rufus"},"lastInteractionAt":1665328009986,"lastInteractionBy":{"name":"rufus"}},"translate":{"x":-72,"y":660}},"portsIn":[{"name":"Value"},{"name":"Number of Values","value":5}],"portsOut":[{"name":"Result","links":[{"portIn":"C","portOut":"Result","objIn":"b67da400-060b-46ad-8111-70b2f5856c14","objOut":"ecf8448f-ad8f-465b-b2e2-d21aa01307e9"},{"portIn":"posX","portOut":"Result","objIn":"20bc395e-c542-48ec-a890-632924a0dffb","objOut":"ecf8448f-ad8f-465b-b2e2-d21aa01307e9"}]}]},{"opId":"b28c1e66-1c88-4394-bf73-327c0e82ea34","objName":"Ops.Math.SimpleMovingAverage","id":"8821d99d-f59f-4cc1-8c86-a623cad19750","uiAttribs":{"history":{"createdAt":1665327995962,"createdBy":{"name":"rufus"},"lastInteractionAt":1665328009986,"lastInteractionBy":{"name":"rufus"}},"translate":{"x":-60,"y":700}},"portsIn":[{"name":"Value"},{"name":"Number of Values","value":5}],"portsOut":[{"name":"Result","links":[{"portIn":"D","portOut":"Result","objIn":"b67da400-060b-46ad-8111-70b2f5856c14","objOut":"8821d99d-f59f-4cc1-8c86-a623cad19750"},{"portIn":"posY","portOut":"Result","objIn":"20bc395e-c542-48ec-a890-632924a0dffb","objOut":"8821d99d-f59f-4cc1-8c86-a623cad19750"}]}]},{"opId":"a7cb5d1c-cd4a-4c28-bb13-7bb9bda187ed","objName":"Ops.Gl.Shader.PointMaterial_v4","id":"c2ea8fbd-db47-41bd-947b-55171d3943ac","uiAttribs":{"history":{"createdAt":1665328897475,"createdBy":{"name":"rufus"},"lastInteractionAt":1665405556540,"lastInteractionBy":{"name":"rufus"}},"translate":{"x":-72,"y":340}},"portsIn":[{"name":"render"},{"name":"PointSize","value":4},{"name":"Size in Pixels","value":false},{"name":"Random Size","value":0},{"name":"Round","value":true},{"name":"Round Antialias","value":false},{"name":"Scale by Distance","value":false},{"name":"r","value":0},{"name":"g","value":1},{"name":"b","value":0.2796610169491527},{"name":"a","value":1},{"name":"Vertex Colors","value":false},{"name":"texture","value":0},{"name":"Colorize Texture","value":false},{"name":"Texture Mask","value":0},{"name":"Mask Channel index","value":0},{"name":"Mask Channel","value":"R"},{"name":"Texture Colorize","value":0},{"name":"Colorize Randomize","value":true},{"name":"Texture Opacity","value":0},{"name":"Texture Point Size","value":0},{"name":"Point Size Channel index","value":0},{"name":"Point Size Channel","value":"R"},{"name":"Texture Point Size Mul","value":1},{"name":"Map Size 0 index","value":0},{"name":"Map Size 0","value":"Black"},{"name":"Flip Texture","value":false}],"portsOut":[{"name":"trigger","links":[{"portIn":"exe","portOut":"trigger","objIn":"849bdc0e-4395-4989-b18f-29cc8294f468","objOut":"c2ea8fbd-db47-41bd-947b-55171d3943ac"}]},{"name":"shader"}]},{"opId":"0a6d9c6f-6459-45ca-88ad-268a1f7304db","objName":"Ops.Gl.Meshes.PointCloudFromArray","id":"849bdc0e-4395-4989-b18f-29cc8294f468","uiAttribs":{"history":{"createdAt":1665328897511,"createdBy":{"name":"rufus"},"lastInteractionAt":1665328897511,"lastInteractionBy":{"name":"rufus"}},"translate":{"x":-72,"y":400}},"portsIn":[{"name":"exe"},{"name":"Array"},{"name":"Num Points","value":0},{"name":"Scramble Texcoords","value":true},{"name":"Seed","value":0},{"name":"Coordinates","value":0},{"name":"Vertex Colors","value":0}],"portsOut":[{"name":"Trigger out","value":0},{"name":"Geometry"}]},{"opId":"ec55d252-3843-41b1-b731-0482dbd9e72b","objName":"Ops.Gl.Shader.BasicMaterial_v3","id":"ba230ac6-50e7-4fe4-a0f4-d9f08a1aa605","uiAttribs":{"history":{"createdAt":1665328897521,"createdBy":{"name":"rufus"},"lastInteractionAt":1665328897521,"lastInteractionBy":{"name":"rufus"}},"translate":{"x":-84,"y":220}},"portsIn":[{"name":"render"},{"name":"r","value":0},{"name":"g","value":0.822903405745347},{"name":"b","value":0.9986666666467985},{"name":"a","value":1},{"name":"texture","value":0},{"name":"colorizeTexture","value":false},{"name":"Vertex Colors","value":false},{"name":"textureOpacity","value":0},{"name":"Alpha Mask Source index","value":0},{"name":"Alpha Mask Source","value":"Luminance"},{"name":"Opacity TexCoords Transform","value":false},{"name":"Discard Transparent Pixels","value":false},{"name":"diffuseRepeatX","value":1},{"name":"diffuseRepeatY","value":1},{"name":"Tex Offset X","value":0},{"name":"Tex Offset Y","value":0},{"name":"Crop TexCoords","value":false},{"name":"billboard","value":false}],"portsOut":[{"name":"trigger","links":[{"portIn":"Render","portOut":"trigger","objIn":"5908a58b-796a-4cee-9a1a-8c90a9a11675","objOut":"ba230ac6-50e7-4fe4-a0f4-d9f08a1aa605"}]},{"name":"shader"}]},{"opId":"af3fd0e8-ef3d-4124-a6ee-3482e9a85b45","objName":"Ops.Gl.Meshes.SimpleSpline","id":"5908a58b-796a-4cee-9a1a-8c90a9a11675","uiAttribs":{"history":{"createdAt":1665328897542,"createdBy":{"name":"rufus"},"lastInteractionAt":1665328897542,"lastInteractionBy":{"name":"rufus"}},"translate":{"x":-84,"y":280}},"portsIn":[{"name":"Render"},{"name":"Points"},{"name":"Num Points","value":0},{"name":"Line Strip","value":true},{"name":"TexCoords index","value":0},{"name":"TexCoords","value":"0"},{"name":"TexCoords Array","value":0},{"name":"Vertex Colors","value":0}],"portsOut":[{"name":"Geometry"},{"name":"Next","links":[{"portIn":"render","portOut":"Next","objIn":"c2ea8fbd-db47-41bd-947b-55171d3943ac","objOut":"5908a58b-796a-4cee-9a1a-8c90a9a11675"}]}]},{"opId":"935b0d02-1dce-4d5c-87a8-f1fa36c5d25e","objName":"Ops.Libs.Mediapipe.MpHand","id":"9391479b-c40d-4e84-8f15-c07820395e95","uiAttribs":{"history":{"createdAt":1662936070913,"createdBy":{"name":"jruette"},"lastInteractionAt":1665329142446,"lastInteractionBy":{"name":"rufus"}},"translate":{"x":-456,"y":-120}},"portsIn":[{"name":"Hands Result"},{"name":"Hand index","value":0},{"name":"Hand","value":"Right"},{"name":"Min Score","value":0.3}],"portsOut":[{"name":"Points","links":[{"portIn":"Hand Points","portOut":"Points","objIn":"d22692fe-a71a-4365-a32f-fdc1d0124779","objOut":"9391479b-c40d-4e84-8f15-c07820395e95"},{"portIn":"Array","portOut":"Points","objIn":"b5e79044-7d8f-4b15-a217-f84b47af0211","objOut":"9391479b-c40d-4e84-8f15-c07820395e95"}]},{"name":"Lines","links":[{"portIn":"Points","portOut":"Lines","objIn":"7116a2c0-7113-41c3-80b4-a21a004ed8c2","objOut":"9391479b-c40d-4e84-8f15-c07820395e95"}]},{"name":"Data"},{"name":"Found Hand","links":[{"portIn":"boolean","portOut":"Found Hand","objIn":"0cbbe7f0-cb47-46f8-a7b9-b46b78b0bf19","objOut":"9391479b-c40d-4e84-8f15-c07820395e95"},{"portIn":"bool 1","portOut":"Found Hand","objIn":"2edfb2f6-7855-4f99-ab4d-ccbbd6b84ebb","objOut":"9391479b-c40d-4e84-8f15-c07820395e95"}]},{"name":"Score","value":0.994384765625}]},{"opId":"d3adef3d-5c99-48fd-86f0-48ec4a290afb","objName":"Ops.Libs.Mediapipe.MpHandCoordinate","id":"d22692fe-a71a-4365-a32f-fdc1d0124779","uiAttribs":{"title":"MpHandCoordinate Left Finger","history":{"createdAt":1662936110154,"createdBy":{"name":"jruette"},"lastInteractionAt":1665329451614,"lastInteractionBy":{"name":"rufus"}},"translate":{"x":-768,"y":600}},"portsIn":[{"name":"Hand Points"},{"name":"Joint index","value":0},{"name":"Joint","value":"INDEX_FINGER_TIP"}],"portsOut":[{"name":"X","links":[{"portIn":"Value","portOut":"X","objIn":"0afe2a55-5035-4b4f-8372-64f0626373be","objOut":"d22692fe-a71a-4365-a32f-fdc1d0124779"}]},{"name":"Y","links":[{"portIn":"Value","portOut":"Y","objIn":"8b0d8bab-de6f-4dea-9e91-41aed1840392","objOut":"d22692fe-a71a-4365-a32f-fdc1d0124779"}]},{"name":"Z","value":0}]},{"opId":"650baeb1-db2d-4781-9af6-ab4e9d4277be","objName":"Ops.Gl.Matrix.Transform","id":"b174d38d-e67c-4584-8078-cbbe58ff2083","uiAttribs":{"history":{"createdAt":1662936360803,"createdBy":{"name":"jruette"},"lastInteractionAt":1662936360803,"lastInteractionBy":{"name":"jruette"}},"translate":{"x":-720,"y":1820}},"portsIn":[{"name":"render"},{"name":"posX"},{"name":"posY"},{"name":"posZ","value":0},{"name":"scale","value":1},{"name":"rotX","value":0},{"name":"rotY","value":0},{"name":"rotZ","value":0}],"portsOut":[{"name":"trigger","links":[{"portIn":"render","portOut":"trigger","objIn":"4ac2a67c-e80a-494d-91d7-e0838df60c39","objOut":"b174d38d-e67c-4584-8078-cbbe58ff2083"}]}]},{"opId":"ec55d252-3843-41b1-b731-0482dbd9e72b","objName":"Ops.Gl.Shader.BasicMaterial_v3","id":"4ac2a67c-e80a-494d-91d7-e0838df60c39","uiAttribs":{"history":{"createdAt":1662936421613,"createdBy":{"name":"jruette"},"lastInteractionAt":1665322303424,"lastInteractionBy":{"name":"rufus"}},"translate":{"x":-648,"y":1880}},"portsIn":[{"name":"render"},{"name":"r","value":0.8117647058823533},{"name":"g","value":0.05098039215686271},{"name":"b","value":0.9254901960784314},{"name":"a","value":1},{"name":"texture","value":0},{"name":"colorizeTexture","value":false},{"name":"Vertex Colors","value":false},{"name":"textureOpacity","value":0},{"name":"Alpha Mask Source index","value":0},{"name":"Alpha Mask Source","value":"Luminance"},{"name":"Opacity TexCoords Transform","value":false},{"name":"Discard Transparent Pixels","value":false},{"name":"diffuseRepeatX","value":1},{"name":"diffuseRepeatY","value":1},{"name":"Tex Offset X","value":0},{"name":"Tex Offset Y","value":0},{"name":"Crop TexCoords","value":false},{"name":"billboard","value":false}],"portsOut":[{"name":"trigger","links":[{"portIn":"render","portOut":"trigger","objIn":"c3f9eb41-b2e2-4b7d-b269-c7ed290bd4f7","objOut":"4ac2a67c-e80a-494d-91d7-e0838df60c39"}]},{"name":"shader"}]},{"opId":"b28c1e66-1c88-4394-bf73-327c0e82ea34","objName":"Ops.Math.SimpleMovingAverage","id":"8b0d8bab-de6f-4dea-9e91-41aed1840392","uiAttribs":{"history":{"createdAt":1665327995962,"createdBy":{"name":"rufus"},"lastInteractionAt":1665328009986,"lastInteractionBy":{"name":"rufus"}},"translate":{"x":-756,"y":700}},"portsIn":[{"name":"Value"},{"name":"Number of Values","value":5}],"portsOut":[{"name":"Result","links":[{"portIn":"posY","portOut":"Result","objIn":"b174d38d-e67c-4584-8078-cbbe58ff2083","objOut":"8b0d8bab-de6f-4dea-9e91-41aed1840392"},{"portIn":"B","portOut":"Result","objIn":"b67da400-060b-46ad-8111-70b2f5856c14","objOut":"8b0d8bab-de6f-4dea-9e91-41aed1840392"}]}]},{"opId":"b28c1e66-1c88-4394-bf73-327c0e82ea34","objName":"Ops.Math.SimpleMovingAverage","id":"0afe2a55-5035-4b4f-8372-64f0626373be","uiAttribs":{"history":{"createdAt":1665327995962,"createdBy":{"name":"rufus"},"lastInteractionAt":1665328009986,"lastInteractionBy":{"name":"rufus"}},"translate":{"x":-768,"y":660}},"portsIn":[{"name":"Value"},{"name":"Number of Values","value":5}],"portsOut":[{"name":"Result","links":[{"portIn":"posX","portOut":"Result","objIn":"b174d38d-e67c-4584-8078-cbbe58ff2083","objOut":"0afe2a55-5035-4b4f-8372-64f0626373be"},{"portIn":"A","portOut":"Result","objIn":"b67da400-060b-46ad-8111-70b2f5856c14","objOut":"0afe2a55-5035-4b4f-8372-64f0626373be"}]}]},{"opId":"a7cb5d1c-cd4a-4c28-bb13-7bb9bda187ed","objName":"Ops.Gl.Shader.PointMaterial_v4","id":"5804ed61-58fb-4604-860e-dea0216dbb8b","uiAttribs":{"history":{"createdAt":1665328897475,"createdBy":{"name":"rufus"},"lastInteractionAt":1665405547925,"lastInteractionBy":{"name":"rufus"}},"translate":{"x":-576,"y":340}},"portsIn":[{"name":"render"},{"name":"PointSize","value":4},{"name":"Size in Pixels","value":false},{"name":"Random Size","value":0},{"name":"Round","value":true},{"name":"Round Antialias","value":false},{"name":"Scale by Distance","value":false},{"name":"r","value":0},{"name":"g","value":1},{"name":"b","value":0.2796610169491527},{"name":"a","value":1},{"name":"Vertex Colors","value":false},{"name":"texture","value":0},{"name":"Colorize Texture","value":false},{"name":"Texture Mask","value":0},{"name":"Mask Channel index","value":0},{"name":"Mask Channel","value":"R"},{"name":"Texture Colorize","value":0},{"name":"Colorize Randomize","value":true},{"name":"Texture Opacity","value":0},{"name":"Texture Point Size","value":0},{"name":"Point Size Channel index","value":0},{"name":"Point Size Channel","value":"R"},{"name":"Texture Point Size Mul","value":1},{"name":"Map Size 0 index","value":0},{"name":"Map Size 0","value":"Black"},{"name":"Flip Texture","value":false}],"portsOut":[{"name":"trigger","links":[{"portIn":"exe","portOut":"trigger","objIn":"b5e79044-7d8f-4b15-a217-f84b47af0211","objOut":"5804ed61-58fb-4604-860e-dea0216dbb8b"}]},{"name":"shader"}]},{"opId":"0a6d9c6f-6459-45ca-88ad-268a1f7304db","objName":"Ops.Gl.Meshes.PointCloudFromArray","id":"b5e79044-7d8f-4b15-a217-f84b47af0211","uiAttribs":{"history":{"createdAt":1665328897511,"createdBy":{"name":"rufus"},"lastInteractionAt":1665330319880,"lastInteractionBy":{"name":"rufus"}},"translate":{"x":-576,"y":400}},"portsIn":[{"name":"exe"},{"name":"Array"},{"name":"Num Points","value":0},{"name":"Scramble Texcoords","value":false},{"name":"Seed","value":0},{"name":"Coordinates","value":0},{"name":"Vertex Colors","value":0}],"portsOut":[{"name":"Trigger out","value":0},{"name":"Geometry"}]},{"opId":"ec55d252-3843-41b1-b731-0482dbd9e72b","objName":"Ops.Gl.Shader.BasicMaterial_v3","id":"b41e1485-ec13-4454-8dfa-dbaa39224261","uiAttribs":{"history":{"createdAt":1665328897521,"createdBy":{"name":"rufus"},"lastInteractionAt":1665405570306,"lastInteractionBy":{"name":"rufus"}},"translate":{"x":-588,"y":220}},"portsIn":[{"name":"render"},{"name":"r","value":0},{"name":"g","value":0.8235294117647056},{"name":"b","value":1},{"name":"a","value":1},{"name":"texture","value":0},{"name":"colorizeTexture","value":false},{"name":"Vertex Colors","value":false},{"name":"textureOpacity","value":0},{"name":"Alpha Mask Source index","value":0},{"name":"Alpha Mask Source","value":"Luminance"},{"name":"Opacity TexCoords Transform","value":false},{"name":"Discard Transparent Pixels","value":false},{"name":"diffuseRepeatX","value":1},{"name":"diffuseRepeatY","value":1},{"name":"Tex Offset X","value":0},{"name":"Tex Offset Y","value":0},{"name":"Crop TexCoords","value":false},{"name":"billboard","value":false}],"portsOut":[{"name":"trigger","links":[{"portIn":"Render","portOut":"trigger","objIn":"7116a2c0-7113-41c3-80b4-a21a004ed8c2","objOut":"b41e1485-ec13-4454-8dfa-dbaa39224261"}]},{"name":"shader"}]},{"opId":"af3fd0e8-ef3d-4124-a6ee-3482e9a85b45","objName":"Ops.Gl.Meshes.SimpleSpline","id":"7116a2c0-7113-41c3-80b4-a21a004ed8c2","uiAttribs":{"history":{"createdAt":1665328897542,"createdBy":{"name":"rufus"},"lastInteractionAt":1665328897542,"lastInteractionBy":{"name":"rufus"}},"translate":{"x":-588,"y":280}},"portsIn":[{"name":"Render"},{"name":"Points"},{"name":"Num Points","value":0},{"name":"Line Strip","value":true},{"name":"TexCoords index","value":0},{"name":"TexCoords","value":"0"},{"name":"TexCoords Array","value":0},{"name":"Vertex Colors","value":0}],"portsOut":[{"name":"Geometry"},{"name":"Next","links":[{"portIn":"render","portOut":"Next","objIn":"5804ed61-58fb-4604-860e-dea0216dbb8b","objOut":"7116a2c0-7113-41c3-80b4-a21a004ed8c2"}]}]},{"opId":"9549e2ed-a544-4d33-a672-05c7854ccf5d","objName":"Ops.Boolean.IfTrueThen_v2","id":"0cbbe7f0-cb47-46f8-a7b9-b46b78b0bf19","uiAttribs":{"history":{"createdAt":1662937222498,"createdBy":{"name":"jruette"},"lastInteractionAt":1662937222499,"lastInteractionBy":{"name":"jruette"}},"translate":{"x":-588,"y":160}},"portsIn":[{"name":"exe"},{"name":"boolean"}],"portsOut":[{"name":"then","links":[{"portIn":"render","portOut":"then","objIn":"b41e1485-ec13-4454-8dfa-dbaa39224261","objOut":"0cbbe7f0-cb47-46f8-a7b9-b46b78b0bf19"},{"portIn":"render","portOut":"then","objIn":"7004bfcc-c9ed-481d-bc8f-f1b8832df7f0","objOut":"0cbbe7f0-cb47-46f8-a7b9-b46b78b0bf19"}]},{"name":"else","value":0}]},{"opId":"e890a050-11b7-456e-b09b-d08cd9c1ee41","objName":"Ops.Gl.TextureEffects.ImageCompose_v3","id":"69009b70-a54c-4d5f-8319-977de15778aa","uiAttribs":{"title":"ImageCompose BACKGROUND","history":{"createdAt":1665330509275,"createdBy":{"name":"rufus"},"lastInteractionAt":1683076525004,"lastInteractionBy":{"name":"jruette"}},"translate":{"x":984,"y":360}},"portsIn":[{"name":"Render"},{"name":"Base Texture"},{"name":"Size index","value":0},{"name":"Size","value":"Manual"},{"name":"Width","value":800},{"name":"Height","value":600},{"name":"Filter index","value":1},{"name":"Filter","value":"linear"},{"name":"Wrap index","value":1},{"name":"Wrap","value":"repeat"},{"name":"Pixel Format index","value":0},{"name":"Pixel Format","value":"RGBA 8bit ubyte"},{"name":"R","value":0},{"name":"G","value":0},{"name":"B","value":0},{"name":"A","value":0}],"portsOut":[{"name":"Next","links":[{"portIn":"render","portOut":"Next","objIn":"4008e422-a400-438f-9ec7-9b2c332237c4","objOut":"69009b70-a54c-4d5f-8319-977de15778aa"},{"portIn":"exec","portOut":"Next","objIn":"ac24cf74-58b0-4007-9aa1-8f7aec72f113","objOut":"69009b70-a54c-4d5f-8319-977de15778aa"}]},{"name":"texture_out","links":[{"portIn":"Texture","portOut":"texture_out","objIn":"df88a6e6-dd49-40bd-81a3-fb8270d7c6b4","objOut":"69009b70-a54c-4d5f-8319-977de15778aa"}]},{"name":"Aspect Ratio","value":1.3333333333333333},{"name":"Texture Width","value":800},{"name":"Texture Height","value":600}]},{"opId":"8f6b2f15-fcb0-4597-90c0-e5173f2969fe","objName":"Ops.Gl.TextureEffects.DrawImage_v3","id":"381c91b6-13a2-4226-81a2-6ab0181c2b45","uiAttribs":{"title":"DrawImage HANDS","history":{"createdAt":1665330557015,"createdBy":{"name":"rufus"},"lastInteractionAt":1665403383052,"lastInteractionBy":{"name":"rufus"}},"translate":{"x":588,"y":620}},"portsIn":[{"name":"render"},{"name":"blendMode index","value":0},{"name":"blendMode","value":"normal"},{"name":"amount","value":false,"useVariable":"showhands"},{"name":"Image"},{"name":"Premultiplied","value":false},{"name":"Alpha Mask","value":false},{"name":"removeAlphaSrc","value":false},{"name":"Mask","value":0},{"name":"Mask Src index","value":1},{"name":"Mask Src","value":"alpha channel"},{"name":"Invert alpha channel","value":false},{"name":"Aspect Ratio","value":false},{"name":"Stretch Axis index","value":0},{"name":"Stretch Axis","value":"X"},{"name":"Position","value":0},{"name":"Crop","value":false},{"name":"flip x","value":false},{"name":"flip y","value":false},{"name":"Transform","value":false},{"name":"Scale X","value":1},{"name":"Scale Y","value":1},{"name":"Position X","value":0},{"name":"Position Y","value":0},{"name":"Rotation","value":0},{"name":"Clip Repeat","value":false}],"portsOut":[{"name":"trigger","links":[{"portIn":"render","portOut":"trigger","objIn":"df88a6e6-dd49-40bd-81a3-fb8270d7c6b4","objOut":"381c91b6-13a2-4226-81a2-6ab0181c2b45"}]}]},{"opId":"e890a050-11b7-456e-b09b-d08cd9c1ee41","objName":"Ops.Gl.TextureEffects.ImageCompose_v3","id":"b5354547-eb2a-457c-bd15-92f1a95db7cf","uiAttribs":{"title":"ImageCompose WEBCAM","history":{"createdAt":1665330837783,"createdBy":{"name":"rufus"},"lastInteractionAt":1665330837783,"lastInteractionBy":{"name":"rufus"}},"translate":{"x":960,"y":-120}},"portsIn":[{"name":"Render"},{"name":"Base Texture"},{"name":"Size index","value":0},{"name":"Size","value":"Auto"},{"name":"Width","value":640},{"name":"Height","value":480},{"name":"Filter index","value":1},{"name":"Filter","value":"linear"},{"name":"Wrap index","value":1},{"name":"Wrap","value":"repeat"},{"name":"Pixel Format index","value":0},{"name":"Pixel Format","value":"RGBA 8bit ubyte"},{"name":"R","value":0},{"name":"G","value":0},{"name":"B","value":0},{"name":"A","value":0}],"portsOut":[{"name":"Next","links":[{"portIn":"render","portOut":"Next","objIn":"fbe926b5-6b97-4a00-b0db-be21aa671809","objOut":"b5354547-eb2a-457c-bd15-92f1a95db7cf"},{"portIn":"exec","portOut":"Next","objIn":"97576b20-f239-4957-804b-7068b186bf95","objOut":"b5354547-eb2a-457c-bd15-92f1a95db7cf"}]},{"name":"texture_out","links":[{"portIn":"texture1","portOut":"texture_out","objIn":"97576b20-f239-4957-804b-7068b186bf95","objOut":"b5354547-eb2a-457c-bd15-92f1a95db7cf"},{"portIn":"texture1","portOut":"texture_out","objIn":"ac24cf74-58b0-4007-9aa1-8f7aec72f113","objOut":"b5354547-eb2a-457c-bd15-92f1a95db7cf"}]},{"name":"Aspect Ratio","value":1.3333333333333333},{"name":"Texture Width","value":640},{"name":"Texture Height","value":480}]},{"opId":"0a512974-0920-4aa8-89dc-4dda184c0d46","objName":"Ops.Gl.TextureEffects.ColorChannel_v2","id":"fbe926b5-6b97-4a00-b0db-be21aa671809","uiAttribs":{"history":{"createdAt":1665330890340,"createdBy":{"name":"rufus"},"lastInteractionAt":1665400478480,"lastInteractionBy":{"name":"rufus"}},"translate":{"x":972,"y":80}},"portsIn":[{"name":"render"},{"name":"channelR","value":true},{"name":"channelG","value":false},{"name":"channelB","value":false},{"name":"channelA","value":false},{"name":"mono","value":false}],"portsOut":[{"name":"trigger","value":0}]},{"opId":"5a681c35-78ce-4cb3-9858-bc79c34c6819","objName":"Ops.Sidebar.Sidebar","id":"76fdabc1-5530-4a98-b709-7d4abebca32b","uiAttribs":{"history":{"createdAt":1665331698805,"createdBy":{"name":"rufus"},"lastInteractionAt":1665542102711,"lastInteractionBy":{"name":"jruette"}},"translate":{"x":300,"y":360}},"portsIn":[{"name":"Visible","value":true},{"name":"Opacity","value":1},{"name":"Default Minimized","value":false},{"name":"Minimized Opacity","value":0.5},{"name":"Show undo button","value":false},{"name":"Show Minimize","value":true},{"name":"Title","value":"Controles"},{"name":"Side","value":false}],"portsOut":[{"name":"childs","links":[{"portIn":"link","portOut":"childs","objIn":"3dea3cbb-85d4-49eb-897a-ea40400ba003","objOut":"76fdabc1-5530-4a98-b709-7d4abebca32b"}]},{"name":"Opfened","value":true}]},{"opId":"74730122-5cba-4d0d-b610-df334ec6220a","objName":"Ops.Sidebar.Slider_v3","id":"56bb4c80-4ff4-4690-b959-112daf513078","uiAttribs":{"title":"Slider: Tamaño de la brocha","history":{"createdAt":1665331711004,"createdBy":{"name":"rufus"},"lastInteractionAt":1683077250194,"lastInteractionBy":{"name":"jruette"}},"translate":{"x":300,"y":500}},"portsIn":[{"name":"link"},{"name":"Text","value":"Tamaño de la brocha"},{"name":"Min","value":0},{"name":"Max","value":0.5},{"name":"Step","value":0.01},{"name":"Suffix","value":""},{"name":"Grey Out","value":false},{"name":"Visible","value":true},{"name":"Input","value":0.1},{"name":"Set Default","value":0},{"name":"Reset","value":0},{"name":"Default","value":0.1}],"portsOut":[{"name":"childs","links":[{"portIn":"link","portOut":"childs","objIn":"6dab19f3-87e4-4aa9-99f3-99ea92227e68","objOut":"56bb4c80-4ff4-4690-b959-112daf513078"}]},{"name":"Result","links":[{"portIn":"Value","portOut":"Result","objIn":"5d5aa7e6-0c09-4605-9f9f-56518702538e","objOut":"56bb4c80-4ff4-4690-b959-112daf513078"}]}]},{"opId":"b5249226-6095-4828-8a1c-080654e192fa","objName":"Ops.Vars.VarSetNumber_v2","id":"5d5aa7e6-0c09-4605-9f9f-56518702538e","uiAttribs":{"title":"var set ","history":{"createdAt":1665331776370,"createdBy":{"name":"rufus"},"lastInteractionAt":1665331776370,"lastInteractionBy":{"name":"rufus"}},"extendTitle":"#brushSize","translate":{"x":324,"y":540}},"portsIn":[{"name":"Value"},{"name":"Variable","value":"brushSize"},{"name":"Create new variable","value":0},{"name":"","value":["Rename"]}],"portsOut":[]},{"opId":"8f6b2f15-fcb0-4597-90c0-e5173f2969fe","objName":"Ops.Gl.TextureEffects.DrawImage_v3","id":"4008e422-a400-438f-9ec7-9b2c332237c4","uiAttribs":{"title":"DrawImage PAINT FOREGROUND","history":{"createdAt":1665398159570,"createdBy":{"name":"rufus"},"lastInteractionAt":1665398159570,"lastInteractionBy":{"name":"rufus"}},"translate":{"x":996,"y":520}},"portsIn":[{"name":"render"},{"name":"blendMode index","value":0},{"name":"blendMode","value":"normal"},{"name":"amount","value":1},{"name":"Image"},{"name":"Premultiplied","value":false},{"name":"Alpha Mask","value":false},{"name":"removeAlphaSrc","value":false},{"name":"Mask"},{"name":"Mask Src index","value":1},{"name":"Mask Src","value":"alpha channel"},{"name":"Invert alpha channel","value":false},{"name":"Aspect Ratio","value":false},{"name":"Stretch Axis index","value":0},{"name":"Stretch Axis","value":"X"},{"name":"Position","value":0},{"name":"Crop","value":false},{"name":"flip x","value":false},{"name":"flip y","value":false},{"name":"Transform","value":false},{"name":"Scale X","value":1},{"name":"Scale Y","value":1},{"name":"Position X","value":0},{"name":"Position Y","value":0},{"name":"Rotation","value":0},{"name":"Clip Repeat","value":false}],"portsOut":[{"name":"trigger","links":[{"portIn":"render","portOut":"trigger","objIn":"381c91b6-13a2-4226-81a2-6ab0181c2b45","objOut":"4008e422-a400-438f-9ec7-9b2c332237c4"}]}]},{"opId":"a82ae429-ac07-4760-882b-595a857c7ae0","objName":"Ops.Gl.Textures.SwitchTextures_v2","id":"97576b20-f239-4957-804b-7068b186bf95","uiAttribs":{"title":"SwitchTextures BACKGROUND","history":{"createdAt":1665400735446,"createdBy":{"name":"rufus"},"lastInteractionAt":1665400735446,"lastInteractionBy":{"name":"rufus"}},"translate":{"x":1320,"y":240}},"portsIn":[{"name":"exec"},{"name":"num","value":3,"useVariable":"background"},{"name":"Default Texture Transparent","value":true},{"name":"texture0"},{"name":"texture1"},{"name":"texture2","value":0},{"name":"texture3"},{"name":"texture4","value":0},{"name":"texture5","value":0},{"name":"texture6"},{"name":"texture7","value":0},{"name":"texture8"},{"name":"texture9","value":0},{"name":"texture10","value":0},{"name":"texture11","value":0},{"name":"texture12","value":0},{"name":"texture13","value":0},{"name":"texture14","value":0},{"name":"texture15","value":0}],"portsOut":[{"name":"Next","value":0},{"name":"texture","links":[{"portIn":"Base Texture","portOut":"texture","objIn":"69009b70-a54c-4d5f-8319-977de15778aa","objOut":"97576b20-f239-4957-804b-7068b186bf95"}]}]},{"opId":"74730122-5cba-4d0d-b610-df334ec6220a","objName":"Ops.Sidebar.Slider_v3","id":"4bd17847-2a74-4d33-8661-b7d9c6df9eb4","uiAttribs":{"title":"Slider: Seleccionar fondo 0-8","history":{"createdAt":1665400980279,"createdBy":{"name":"rufus"},"lastInteractionAt":1683076819175,"lastInteractionBy":{"name":"jruette"}},"translate":{"x":1104,"y":1280}},"portsIn":[{"name":"link"},{"name":"Text","value":"Seleccionar fondo 0-8"},{"name":"Min","value":0},{"name":"Max","value":8},{"name":"Step","value":1},{"name":"Suffix","value":""},{"name":"Grey Out","value":false},{"name":"Visible","value":true},{"name":"Input","value":3},{"name":"Set Default","value":0},{"name":"Reset","value":0},{"name":"Default","value":0}],"portsOut":[{"name":"childs","links":[{"portIn":"link","portOut":"childs","objIn":"7301767f-b88a-4602-8a5e-9df662dacb34","objOut":"4bd17847-2a74-4d33-8661-b7d9c6df9eb4"}]},{"name":"Result","links":[{"portIn":"Value","portOut":"Result","objIn":"c857e93f-ccf1-46de-b456-d15432fc5b70","objOut":"4bd17847-2a74-4d33-8661-b7d9c6df9eb4"}]}]},{"opId":"b5249226-6095-4828-8a1c-080654e192fa","objName":"Ops.Vars.VarSetNumber_v2","id":"c857e93f-ccf1-46de-b456-d15432fc5b70","uiAttribs":{"title":"var set ","history":{"createdAt":1665401076649,"createdBy":{"name":"rufus"},"lastInteractionAt":1665401076649,"lastInteractionBy":{"name":"rufus"}},"translate":{"x":816,"y":1340},"extendTitle":"#background"},"portsIn":[{"name":"Value"},{"name":"Variable","value":"background"},{"name":"Create new variable","value":0},{"name":"","value":["Rename"]}],"portsOut":[]},{"opId":"74730122-5cba-4d0d-b610-df334ec6220a","objName":"Ops.Sidebar.Slider_v3","id":"7301767f-b88a-4602-8a5e-9df662dacb34","uiAttribs":{"title":"Slider: Seleccionar primer plano 0-8","history":{"createdAt":1665400980279,"createdBy":{"name":"rufus"},"lastInteractionAt":1683076822544,"lastInteractionBy":{"name":"jruette"}},"translate":{"x":1140,"y":1380}},"portsIn":[{"name":"link"},{"name":"Text","value":"Seleccionar primer plano 0-8"},{"name":"Min","value":0},{"name":"Max","value":8},{"name":"Step","value":1},{"name":"Suffix","value":""},{"name":"Grey Out","value":false},{"name":"Visible","value":true},{"name":"Input","value":0},{"name":"Set Default","value":0},{"name":"Reset","value":0},{"name":"Default","value":0}],"portsOut":[{"name":"childs","links":[{"portIn":"link","portOut":"childs","objIn":"0708e834-4b29-4bc3-9bf5-c15dd7048ee2","objOut":"7301767f-b88a-4602-8a5e-9df662dacb34"}]},{"name":"Result","links":[{"portIn":"Value","portOut":"Result","objIn":"188fa35d-0ae5-43bd-8007-c367edb603ff","objOut":"7301767f-b88a-4602-8a5e-9df662dacb34"}]}]},{"opId":"b5249226-6095-4828-8a1c-080654e192fa","objName":"Ops.Vars.VarSetNumber_v2","id":"188fa35d-0ae5-43bd-8007-c367edb603ff","uiAttribs":{"title":"var set ","history":{"createdAt":1665401076649,"createdBy":{"name":"rufus"},"lastInteractionAt":1665401076649,"lastInteractionBy":{"name":"rufus"}},"translate":{"x":828,"y":1420},"extendTitle":"#foreground"},"portsIn":[{"name":"Value"},{"name":"Variable","value":"foreground"},{"name":"Create new variable","value":0},{"name":"","value":["Rename"]}],"portsOut":[]},{"opId":"a82ae429-ac07-4760-882b-595a857c7ae0","objName":"Ops.Gl.Textures.SwitchTextures_v2","id":"ac24cf74-58b0-4007-9aa1-8f7aec72f113","uiAttribs":{"title":"SwitchTextures FOREGROUND","history":{"createdAt":1665400735446,"createdBy":{"name":"rufus"},"lastInteractionAt":1665400735446,"lastInteractionBy":{"name":"rufus"}},"translate":{"x":2040,"y":480}},"portsIn":[{"name":"exec"},{"name":"num","value":0,"useVariable":"foreground"},{"name":"Default Texture Transparent","value":true},{"name":"texture0"},{"name":"texture1"},{"name":"texture2"},{"name":"texture3","value":0},{"name":"texture4","value":0},{"name":"texture5","value":0},{"name":"texture6","value":0},{"name":"texture7","value":0},{"name":"texture8"},{"name":"texture9","value":0},{"name":"texture10","value":0},{"name":"texture11","value":0},{"name":"texture12","value":0},{"name":"texture13","value":0},{"name":"texture14","value":0},{"name":"texture15","value":0}],"portsOut":[{"name":"Next","value":0},{"name":"texture","links":[{"portIn":"Image","portOut":"texture","objIn":"4008e422-a400-438f-9ec7-9b2c332237c4","objOut":"ac24cf74-58b0-4007-9aa1-8f7aec72f113"}]}]},{"opId":"4db917cc-2cef-43f4-83d5-38c4572fe943","objName":"Ops.Gl.Meshes.Circle","id":"b180e3ef-f208-4825-9062-bdd7c34b20ec","uiAttribs":{"history":{"createdAt":1665403259310,"createdBy":{"name":"rufus"},"lastInteractionAt":1665403259310,"lastInteractionBy":{"name":"rufus"}},"translate":{"x":-72,"y":1920}},"portsIn":[{"name":"render"},{"name":"radius","value":0,"useVariable":"brushSize"},{"name":"innerRadius","value":0},{"name":"segments","value":40},{"name":"percent","value":1},{"name":"steps","value":0},{"name":"invertSteps","value":false},{"name":"mapping index","value":0},{"name":"mapping","value":"flat"},{"name":"Spline","value":false},{"name":"Draw","value":true}],"portsOut":[{"name":"trigger","value":0},{"name":"geometry"}]},{"opId":"4db917cc-2cef-43f4-83d5-38c4572fe943","objName":"Ops.Gl.Meshes.Circle","id":"c3f9eb41-b2e2-4b7d-b269-c7ed290bd4f7","uiAttribs":{"history":{"createdAt":1665403259310,"createdBy":{"name":"rufus"},"lastInteractionAt":1665403259310,"lastInteractionBy":{"name":"rufus"}},"translate":{"x":-648,"y":1940}},"portsIn":[{"name":"render"},{"name":"radius","value":0,"useVariable":"brushSize"},{"name":"innerRadius","value":0},{"name":"segments","value":40},{"name":"percent","value":1},{"name":"steps","value":0},{"name":"invertSteps","value":false},{"name":"mapping index","value":0},{"name":"mapping","value":"flat"},{"name":"Spline","value":false},{"name":"Draw","value":true}],"portsOut":[{"name":"trigger","value":0},{"name":"geometry"}]},{"opId":"fb60ab7d-f2f2-4fc5-bcd0-88c6ed481908","objName":"Ops.Sidebar.Toggle_v3","id":"6dab19f3-87e4-4aa9-99f3-99ea92227e68","uiAttribs":{"title":"Toggle: Mostar manos","history":{"createdAt":1665403405464,"createdBy":{"name":"rufus"},"lastInteractionAt":1665542122032,"lastInteractionBy":{"name":"jruette"}},"translate":{"x":300,"y":600}},"portsIn":[{"name":"link"},{"name":"Text","value":"Mostar manos"},{"name":"Input","value":false},{"name":"Set Default","value":0},{"name":"Default","value":true},{"name":"Grey Out","value":false},{"name":"Visible","value":true}],"portsOut":[{"name":"childs","links":[{"portIn":"link","portOut":"childs","objIn":"386fb940-3659-4958-8be1-513e07bbb905","objOut":"6dab19f3-87e4-4aa9-99f3-99ea92227e68"}]},{"name":"Value","links":[{"portIn":"Value","portOut":"Value","objIn":"bb911282-48d3-4fb2-95e3-715347723e04","objOut":"6dab19f3-87e4-4aa9-99f3-99ea92227e68"}]}]},{"opId":"b5249226-6095-4828-8a1c-080654e192fa","objName":"Ops.Vars.VarSetNumber_v2","id":"bb911282-48d3-4fb2-95e3-715347723e04","uiAttribs":{"title":"var set ","history":{"createdAt":1665331776370,"createdBy":{"name":"rufus"},"lastInteractionAt":1665331776370,"lastInteractionBy":{"name":"rufus"}},"extendTitle":"#showhands","translate":{"x":312,"y":660}},"portsIn":[{"name":"Value"},{"name":"Variable","value":"showhands"},{"name":"Create new variable","value":0},{"name":"","value":["Rename"]}],"portsOut":[]},{"opId":"cc591cc3-ff23-4817-907c-e5be7d5c059d","objName":"Ops.Sidebar.SidebarText_v2","id":"56be268f-6a06-4b84-bce4-393f90a0f524","uiAttribs":{"title":"Text: Juntar los","history":{"createdAt":1665404082002,"createdBy":{"name":"rufus"},"lastInteractionAt":1665542212870,"lastInteractionBy":{"name":"jruette"}},"translate":{"x":588,"y":820}},"portsIn":[{"name":"link"},{"name":"Text","value":"Juntar los dedos para borrar."},{"name":"Id","value":""}],"portsOut":[{"name":"childs","links":[{"portIn":"link","portOut":"childs","objIn":"366d69f0-46f5-42b0-8131-dab19bb6dcd6","objOut":"56be268f-6a06-4b84-bce4-393f90a0f524"}]}]},{"opId":"6e8600c4-fb7d-4315-88d4-4f10009538a7","objName":"Ops.Sidebar.LocalTextureFile","id":"ac80a7df-96b3-4a67-b28f-a9c068f928dd","uiAttribs":{"history":{"createdAt":1665404187927,"createdBy":{"name":"rufus"},"lastInteractionAt":1665542294500,"lastInteractionBy":{"name":"jruette"}},"translate":{"x":2196,"y":0}},"portsIn":[{"name":"link"},{"name":"Text","value":"Cargar primer plano 6 imagenes:"},{"name":"Id","value":""},{"name":"Filter index","value":1},{"name":"Filter","value":"linear"},{"name":"Wrap index","value":2},{"name":"Wrap","value":"clamp to edge"}],"portsOut":[{"name":"childs","links":[{"portIn":"link","portOut":"childs","objIn":"0c7f7740-6a17-4610-9e03-4626b420a594","objOut":"ac80a7df-96b3-4a67-b28f-a9c068f928dd"}]},{"name":"Texture","links":[{"portIn":"texture8","portOut":"Texture","objIn":"ac24cf74-58b0-4007-9aa1-8f7aec72f113","objOut":"ac80a7df-96b3-4a67-b28f-a9c068f928dd"}]}]},{"opId":"6e8600c4-fb7d-4315-88d4-4f10009538a7","objName":"Ops.Sidebar.LocalTextureFile","id":"0c7f7740-6a17-4610-9e03-4626b420a594","uiAttribs":{"history":{"createdAt":1665404187927,"createdBy":{"name":"rufus"},"lastInteractionAt":1665542278946,"lastInteractionBy":{"name":"jruette"}},"translate":{"x":2268,"y":60}},"portsIn":[{"name":"link"},{"name":"Text","value":"Cargar fondo 6 Imagenes:"},{"name":"Id","value":""},{"name":"Filter index","value":1},{"name":"Filter","value":"linear"},{"name":"Wrap index","value":2},{"name":"Wrap","value":"clamp to edge"}],"portsOut":[{"name":"childs"},{"name":"Texture","links":[{"portIn":"texture8","portOut":"Texture","objIn":"97576b20-f239-4957-804b-7068b186bf95","objOut":"0c7f7740-6a17-4610-9e03-4626b420a594"}]}]},{"opId":"fb60ab7d-f2f2-4fc5-bcd0-88c6ed481908","objName":"Ops.Sidebar.Toggle_v3","id":"386fb940-3659-4958-8be1-513e07bbb905","uiAttribs":{"title":"Toggle: Dejar que el toque de los dedos borre","history":{"createdAt":1665403405464,"createdBy":{"name":"rufus"},"lastInteractionAt":1682112198279,"lastInteractionBy":{"name":"jruette"}},"translate":{"x":588,"y":740}},"portsIn":[{"name":"link"},{"name":"Text","value":"Dejar que el toque de los dedos borre"},{"name":"Input","value":false},{"name":"Set Default","value":0},{"name":"Default","value":false},{"name":"Grey Out","value":false},{"name":"Visible","value":true}],"portsOut":[{"name":"childs","links":[{"portIn":"link","portOut":"childs","objIn":"56be268f-6a06-4b84-bce4-393f90a0f524","objOut":"386fb940-3659-4958-8be1-513e07bbb905"}]},{"name":"Value","links":[{"portIn":"Value","portOut":"Value","objIn":"5b4f7721-8309-45b2-bb99-f43428a58218","objOut":"386fb940-3659-4958-8be1-513e07bbb905"}]}]},{"opId":"b5249226-6095-4828-8a1c-080654e192fa","objName":"Ops.Vars.VarSetNumber_v2","id":"5b4f7721-8309-45b2-bb99-f43428a58218","uiAttribs":{"title":"var set ","history":{"createdAt":1665331776370,"createdBy":{"name":"rufus"},"lastInteractionAt":1665331776370,"lastInteractionBy":{"name":"rufus"}},"extendTitle":"#allowClearing","translate":{"x":600,"y":780}},"portsIn":[{"name":"Value"},{"name":"Variable","value":"allowClearing"},{"name":"Create new variable","value":0},{"name":"","value":["Rename"]}],"portsOut":[]},{"opId":"c26e6ce0-8047-44bb-9bc8-5a4f911ed8ad","objName":"Ops.Boolean.And","id":"64be61ee-46c8-4dea-b9f0-8d1ad86281db","uiAttribs":{"history":{"createdAt":1665405622171,"createdBy":{"name":"rufus"},"lastInteractionAt":1665405622171,"lastInteractionBy":{"name":"rufus"}},"translate":{"x":-288,"y":1080}},"portsIn":[{"name":"bool 1"},{"name":"bool 2","value":false,"useVariable":"allowClearing"}],"portsOut":[{"name":"result","links":[{"portIn":"Clear","portOut":"result","objIn":"7004bfcc-c9ed-481d-bc8f-f1b8832df7f0","objOut":"64be61ee-46c8-4dea-b9f0-8d1ad86281db"}]}]},{"opId":"5e9c6933-0605-4bf7-8671-a016d917f327","objName":"Ops.Sidebar.Button_v2","id":"366d69f0-46f5-42b0-8131-dab19bb6dcd6","uiAttribs":{"title":"Button: Borrar","history":{"createdAt":1665405687111,"createdBy":{"name":"rufus"},"lastInteractionAt":1669639383903,"lastInteractionBy":{"name":"jruette"}},"translate":{"x":588,"y":860}},"portsIn":[{"name":"link"},{"name":"Text","value":"Borrar"},{"name":"Grey Out","value":false},{"name":"Visible","value":true}],"portsOut":[{"name":"childs","links":[{"portIn":"link","portOut":"childs","objIn":"4bd17847-2a74-4d33-8661-b7d9c6df9eb4","objOut":"366d69f0-46f5-42b0-8131-dab19bb6dcd6"}]},{"name":"Pressed Trigger","links":[{"portIn":"True","portOut":"Pressed Trigger","objIn":"65314275-9ee5-45c5-9af7-a8772f3cceec","objOut":"366d69f0-46f5-42b0-8131-dab19bb6dcd6"},{"portIn":"exe","portOut":"Pressed Trigger","objIn":"ad3847fe-2d6f-442a-ae67-a08053085dbe","objOut":"366d69f0-46f5-42b0-8131-dab19bb6dcd6"},{"portIn":"render","portOut":"Pressed Trigger","objIn":"7004bfcc-c9ed-481d-bc8f-f1b8832df7f0","objOut":"366d69f0-46f5-42b0-8131-dab19bb6dcd6"}]}]},{"opId":"31f65abe-9d6c-4ba6-a291-ef2de41d2087","objName":"Ops.Boolean.TriggerBoolean","id":"65314275-9ee5-45c5-9af7-a8772f3cceec","uiAttribs":{"history":{"createdAt":1665406374875,"createdBy":{"name":"rufus"},"lastInteractionAt":1665406374875,"lastInteractionBy":{"name":"rufus"}},"translate":{"x":600,"y":960}},"portsIn":[{"name":"True"},{"name":"false"}],"portsOut":[{"name":"Result","links":[{"portIn":"Clear","portOut":"Result","objIn":"7004bfcc-c9ed-481d-bc8f-f1b8832df7f0","objOut":"65314275-9ee5-45c5-9af7-a8772f3cceec"}]}]},{"opId":"f4ff66b0-8500-46f7-9117-832aea0c2750","objName":"Ops.Time.DelayedTrigger","id":"ad3847fe-2d6f-442a-ae67-a08053085dbe","uiAttribs":{"history":{"createdAt":1665406448702,"createdBy":{"name":"rufus"},"lastInteractionAt":1665407231588,"lastInteractionBy":{"name":"rufus"}},"translate":{"x":612,"y":920}},"portsIn":[{"name":"exe"},{"name":"delay","value":0.0001},{"name":"Cancel","value":0}],"portsOut":[{"name":"next","links":[{"portIn":"false","portOut":"next","objIn":"65314275-9ee5-45c5-9af7-a8772f3cceec","objOut":"ad3847fe-2d6f-442a-ae67-a08053085dbe"}]},{"name":"Delaying","value":false}]},{"opId":"790f3702-9833-464e-8e37-6f0f813f7e16","objName":"Ops.Gl.Texture_v2","id":"01c5fffc-06cf-4acf-a764-dabb88b2ce59","uiAttribs":{"history":{"createdAt":1665412404070,"createdBy":{"name":"rufus"},"lastInteractionAt":1665412483307,"lastInteractionBy":{"name":"rufus"}},"translate":{"x":1896,"y":-180},"extendTitle":"white"},"portsIn":[{"name":"File","value":"/assets/library/images/white.png","display":"file"},{"name":"Filter index","value":0},{"name":"Filter","value":"mipmap"},{"name":"Wrap index","value":2},{"name":"Wrap","value":"repeat"},{"name":"Anisotropic index","value":0},{"name":"Anisotropic","value":0},{"name":"Flip","value":false},{"name":"Pre Multiplied Alpha","value":false},{"name":"Active","value":true},{"name":"Save Memory","value":true}],"portsOut":[{"name":"Texture","links":[{"portIn":"texture2","portOut":"Texture","objIn":"ac24cf74-58b0-4007-9aa1-8f7aec72f113","objOut":"01c5fffc-06cf-4acf-a764-dabb88b2ce59"}]},{"name":"Width","value":128},{"name":"Height","value":128},{"name":"Aspect Ratio","value":1},{"name":"Loaded","value":true},{"name":"Loading","value":false}]},{"opId":"9549e2ed-a544-4d33-a672-05c7854ccf5d","objName":"Ops.Boolean.IfTrueThen_v2","id":"29bf22e6-6421-48bb-92e5-3a1655eef2ec","uiAttribs":{"history":{"createdAt":1662937222498,"createdBy":{"name":"jruette"},"lastInteractionAt":1662937222499,"lastInteractionBy":{"name":"jruette"}},"translate":{"x":-648,"y":1720}},"portsIn":[{"name":"exe"},{"name":"boolean"}],"portsOut":[{"name":"then","links":[{"portIn":"render","portOut":"then","objIn":"b174d38d-e67c-4584-8078-cbbe58ff2083","objOut":"29bf22e6-6421-48bb-92e5-3a1655eef2ec"}]},{"name":"else","value":0}]},{"opId":"9549e2ed-a544-4d33-a672-05c7854ccf5d","objName":"Ops.Boolean.IfTrueThen_v2","id":"a553ca99-7a81-4e0f-9ee6-e8e9678f9234","uiAttribs":{"history":{"createdAt":1662937222498,"createdBy":{"name":"jruette"},"lastInteractionAt":1662937222499,"lastInteractionBy":{"name":"jruette"}},"translate":{"x":-72,"y":1740}},"portsIn":[{"name":"exe"},{"name":"boolean"}],"portsOut":[{"name":"then","links":[{"portIn":"render","portOut":"then","objIn":"20bc395e-c542-48ec-a890-632924a0dffb","objOut":"a553ca99-7a81-4e0f-9ee6-e8e9678f9234"}]},{"name":"else","value":0}]},{"opId":"f069c0db-4051-4eae-989e-6ef7953787fd","objName":"Ops.Devices.Keyboard.KeyPressLearn","id":"dd1b8f95-2418-4945-94c0-dfd8179541f7","uiAttribs":{"history":{"createdAt":1653059086333,"createdBy":{"name":"stephan"},"lastInteractionAt":1665416493066,"lastInteractionBy":{"name":"rufus"}},"translate":{"x":-348,"y":1440},"extendTitle":"Space","comment":null},"portsIn":[{"name":"key code","value":32},{"name":"canvas only","value":false},{"name":"Mod Key index","value":0},{"name":"Mod Key","value":"none"},{"name":"Enabled","value":true},{"name":"Prevent Default","value":false},{"name":"learn","value":0}],"portsOut":[{"name":"on press","value":0},{"name":"on release","value":0},{"name":"Pressed","links":[{"portIn":"in bool","portOut":"Pressed","objIn":"3bf3d4d9-cae5-45a9-b315-84a3badbe386","objOut":"dd1b8f95-2418-4945-94c0-dfd8179541f7"}]},{"name":"Key","value":"Space"}]},{"opId":"c26e6ce0-8047-44bb-9bc8-5a4f911ed8ad","objName":"Ops.Boolean.And","id":"2edfb2f6-7855-4f99-ab4d-ccbbd6b84ebb","uiAttribs":{"history":{"createdAt":1665416326857,"createdBy":{"name":"rufus"},"lastInteractionAt":1665416326857,"lastInteractionBy":{"name":"rufus"}},"translate":{"x":-636,"y":1680}},"portsIn":[{"name":"bool 1"},{"name":"bool 2"}],"portsOut":[{"name":"result","links":[{"portIn":"boolean","portOut":"result","objIn":"29bf22e6-6421-48bb-92e5-3a1655eef2ec","objOut":"2edfb2f6-7855-4f99-ab4d-ccbbd6b84ebb"}]}]},{"opId":"7b1abd02-3aad-4106-9848-7f4c3cfab6a9","objName":"Ops.Boolean.ToggleBoolValue","id":"3bf3d4d9-cae5-45a9-b315-84a3badbe386","uiAttribs":{"history":{"createdAt":1665416520542,"createdBy":{"name":"rufus"},"lastInteractionAt":1665416520542,"lastInteractionBy":{"name":"rufus"}},"translate":{"x":-324,"y":1540}},"portsIn":[{"name":"in bool"}],"portsOut":[{"name":"out bool","links":[{"portIn":"bool 2","portOut":"out bool","objIn":"2edfb2f6-7855-4f99-ab4d-ccbbd6b84ebb","objOut":"3bf3d4d9-cae5-45a9-b315-84a3badbe386"},{"portIn":"bool 1","portOut":"out bool","objIn":"83ae68ee-019b-4d08-af97-fb494631d934","objOut":"3bf3d4d9-cae5-45a9-b315-84a3badbe386"}]}]},{"opId":"c26e6ce0-8047-44bb-9bc8-5a4f911ed8ad","objName":"Ops.Boolean.And","id":"83ae68ee-019b-4d08-af97-fb494631d934","uiAttribs":{"history":{"createdAt":1665416326857,"createdBy":{"name":"rufus"},"lastInteractionAt":1665416326857,"lastInteractionBy":{"name":"rufus"}},"translate":{"x":-60,"y":1700}},"portsIn":[{"name":"bool 1"},{"name":"bool 2"}],"portsOut":[{"name":"result","links":[{"portIn":"boolean","portOut":"result","objIn":"a553ca99-7a81-4e0f-9ee6-e8e9678f9234","objOut":"83ae68ee-019b-4d08-af97-fb494631d934"}]}]},{"opId":"cc591cc3-ff23-4817-907c-e5be7d5c059d","objName":"Ops.Sidebar.SidebarText_v2","id":"0708e834-4b29-4bc3-9bf5-c15dd7048ee2","uiAttribs":{"title":"Text: Barra espa","history":{"createdAt":1665404082002,"createdBy":{"name":"rufus"},"lastInteractionAt":1669639370976,"lastInteractionBy":{"name":"jruette"}},"translate":{"x":1140,"y":1180},"color":null},"portsIn":[{"name":"link"},{"name":"Text","value":"Barra espaciadora para parar"},{"name":"Id","value":""}],"portsOut":[{"name":"childs","links":[{"portIn":"link","portOut":"childs","objIn":"ac80a7df-96b3-4a67-b28f-a9c068f928dd","objOut":"0708e834-4b29-4bc3-9bf5-c15dd7048ee2"}]}]},{"opId":"eb2b4d56-334e-449c-928e-1b549a75dbf3","objName":"Ops.Gl.Textures.VideoTexture_v2","id":"e013733b-978a-4d6d-bd3c-52f0b551ffef","uiAttribs":{"title":"VideoTexture Cascada 4","history":{"createdAt":1669638835360,"createdBy":{"name":"jruette"},"lastInteractionAt":1681434706315,"lastInteractionBy":{"name":"jruette"}},"translate":{"x":1404,"y":-160}},"portsIn":[{"name":"file","value":"/assets/6346274051918f86f2200131/cascada_4.mp4","display":"file"},{"name":"play","value":true},{"name":"loop","value":true},{"name":"auto play","value":true},{"name":"Volume","value":1},{"name":"mute","value":true},{"name":"speed","value":1},{"name":"filter index","value":1},{"name":"filter","value":"linear"},{"name":"wrap index","value":2},{"name":"wrap","value":"clamp to edge"},{"name":"flip","value":true},{"name":"fps","value":5},{"name":"set time","value":0},{"name":"rewind","value":0},{"name":"Preload","value":true}],"portsOut":[{"name":"texture","links":[{"portIn":"texture6","portOut":"texture","objIn":"97576b20-f239-4957-804b-7068b186bf95","objOut":"e013733b-978a-4d6d-bd3c-52f0b551ffef"}]},{"name":"duration","value":9.033333},{"name":"progress","value":0.829279624696665},{"name":"CurrentTime","value":7.491159},{"name":"Loading","value":0},{"name":"Can Play Through","value":1},{"name":"Width","value":1920},{"name":"Height","value":1080},{"name":"Aspect Ratio","value":1.7777777777777777},{"name":"Has Error","value":0},{"name":"Error Message","value":""}]},{"opId":"83e2d74c-9741-41aa-a4d7-1bda4ef55fb3","objName":"Ops.Value.Boolean","id":"b24e1d41-9f32-4824-a88b-3a93ab1c17b9","uiAttribs":{"translate":{"x":888,"y":1500},"notWorkingMsg":null,"history":{"lastInteractionAt":1673916044282,"lastInteractionBy":{"name":"jruette"}}},"portsIn":[{"name":"value","value":false,"useVariable":"Cascada"}],"portsOut":[{"name":"result","links":[{"portIn":"Play","portOut":"result","objIn":"c4f9b664-c221-4fb7-871d-80813a8ef263","objOut":"b24e1d41-9f32-4824-a88b-3a93ab1c17b9"},{"portIn":"Boolean","portOut":"result","objIn":"97da6c7c-c904-4fe2-8a14-789f3b5b53ee","objOut":"b24e1d41-9f32-4824-a88b-3a93ab1c17b9"}]}]},{"opId":"aac7f721-208f-411a-adb3-79adae2e471a","objName":"Ops.Anim.Timer_v2","id":"c4f9b664-c221-4fb7-871d-80813a8ef263","uiAttribs":{"translate":{"x":876,"y":1680},"notWorkingMsg":null,"history":{"lastInteractionAt":1673882945686,"lastInteractionBy":{"name":"jruette"}}},"portsIn":[{"name":"Speed","value":1},{"name":"Play"},{"name":"Reset"},{"name":"Sync to timeline","value":false}],"portsOut":[{"name":"Time","links":[{"portIn":"number1","portOut":"Time","objIn":"52131881-7be3-42b0-b964-057af0a40af8","objOut":"c4f9b664-c221-4fb7-871d-80813a8ef263"},{"portIn":"number","portOut":"Time","objIn":"b9cffe85-8918-4bbc-858f-3cde83235b3d","objOut":"c4f9b664-c221-4fb7-871d-80813a8ef263"},{"portIn":"number1","portOut":"Time","objIn":"9969338c-0dd2-48ec-b854-87d3022e7932","objOut":"c4f9b664-c221-4fb7-871d-80813a8ef263"},{"portIn":"number1","portOut":"Time","objIn":"0210f93a-483d-4d5f-afb6-208cf133acda","objOut":"c4f9b664-c221-4fb7-871d-80813a8ef263"}]}]},{"opId":"ec55d252-3843-41b1-b731-0482dbd9e72b","objName":"Ops.Gl.Shader.BasicMaterial_v3","id":"9edfc523-02fb-493f-a168-f1a19360762b","uiAttribs":{"translate":{"x":396,"y":1940},"notWorkingMsg":null},"portsIn":[{"name":"render"},{"name":"r","value":0.1739616845837395},{"name":"g","value":0.9977869476843433},{"name":"b","value":0.92070267918935},{"name":"a","value":1},{"name":"texture"},{"name":"colorizeTexture","value":false},{"name":"Vertex Colors","value":false},{"name":"textureOpacity","value":0},{"name":"Alpha Mask Source index","value":0},{"name":"Alpha Mask Source","value":"Luminance"},{"name":"Opacity TexCoords Transform","value":false},{"name":"Discard Transparent Pixels","value":false},{"name":"diffuseRepeatX","value":1},{"name":"diffuseRepeatY","value":1},{"name":"Tex Offset X","value":0},{"name":"Tex Offset Y","value":0},{"name":"Crop TexCoords","value":false},{"name":"billboard","value":false}],"portsOut":[{"name":"trigger","links":[{"portIn":"render","portOut":"trigger","objIn":"c06267ae-f000-49ae-9ef0-e7b58d0b7fd3","objOut":"9edfc523-02fb-493f-a168-f1a19360762b"}]},{"name":"shader"}]},{"opId":"93492eeb-bf35-4a62-98f7-d85b0b79bfe5","objName":"Ops.Ui.Comment_v2","id":"4804089e-b6d2-4413-8732-3843da24ac01","uiAttribs":{"0":"t","1":"i","2":"t","3":"l","4":"e","title":"","comment_title":"","comment_text":"<< Click me","translate":{"x":948,"y":1620},"notWorkingMsg":null},"portsIn":[{"name":"title","value":""},{"name":"text","value":"<< Click me"}],"portsOut":[]},{"opId":"5c6d375a-82db-4366-8013-93f56b4061a9","objName":"Ops.String.NumberToString_v2","id":"710bd75f-2c6c-4bd4-af14-efa0bef1b091","uiAttribs":{"translate":{"x":564,"y":1820},"notWorkingMsg":null},"portsIn":[{"name":"Number"}],"portsOut":[{"name":"Result","links":[{"portIn":"text","portOut":"Result","objIn":"9f6df563-8ee8-4175-a3c6-ea5a387a8e14","objOut":"710bd75f-2c6c-4bd4-af14-efa0bef1b091"}]}]},{"opId":"afab973f-c9ac-47fd-914c-70b42af5c5d4","objName":"Ops.Gl.Textures.TextTexture_v4","id":"9f6df563-8ee8-4175-a3c6-ea5a387a8e14","uiAttribs":{"title":"TextureText","translate":{"x":456,"y":1880},"notWorkingMsg":null,"comment":"<< Used to visualise output"},"portsIn":[{"name":"Render"},{"name":"text"},{"name":"font","value":"Arial"},{"name":"weight","value":"normal"},{"name":"Maximize Size","value":false},{"name":"fontSize","value":30},{"name":"Line Height","value":1},{"name":"Vertical Offset","value":0},{"name":"Show Debug","value":false},{"name":"Limit Lines","value":0},{"name":"texture width","value":512},{"name":"texture height","value":512},{"name":"filter index","value":1},{"name":"filter","value":"linear"},{"name":"Wrap index","value":2},{"name":"Wrap","value":"clamp to edge"},{"name":"Anisotropic index","value":0},{"name":"Anisotropic","value":0},{"name":"align index","value":1},{"name":"align","value":"center"},{"name":"vertical align index","value":1},{"name":"vertical align","value":"center"},{"name":"Reuse Texture","value":true},{"name":"Draw Mesh","value":false},{"name":"Scale Mesh","value":1},{"name":"Hard Edges","value":false},{"name":"Opacity","value":1},{"name":"r","value":0.11196311362540956},{"name":"g","value":0.8808318965289417},{"name":"b","value":0.6876025290528716}],"portsOut":[{"name":"Next","value":0},{"name":"Ratio","value":1},{"name":"texture","links":[{"portIn":"texture","portOut":"texture","objIn":"9edfc523-02fb-493f-a168-f1a19360762b","objOut":"9f6df563-8ee8-4175-a3c6-ea5a387a8e14"}]},{"name":"Aspect","value":1},{"name":"Num Lines","value":1}]},{"opId":"82bb2f8a-77f4-4218-a3ae-8f158f1b7fb1","objName":"Ops.Gl.Meshes.Rectangle_v3","id":"c06267ae-f000-49ae-9ef0-e7b58d0b7fd3","uiAttribs":{"history":{"createdAt":1671022594065,"createdBy":{"name":"stephan"},"lastInteractionAt":1683077908007,"lastInteractionBy":{"name":"jruette"}},"translate":{"x":396,"y":2040},"notWorkingMsg":null},"portsIn":[{"name":"render"},{"name":"dorender","value":false},{"name":"width","value":4},{"name":"height","value":4},{"name":"pivot x index","value":0},{"name":"pivot x","value":"left"},{"name":"pivot y index","value":0},{"name":"pivot y","value":"center"},{"name":"axis index","value":0},{"name":"axis","value":"xy"},{"name":"Flip TexCoord X","value":false},{"name":"Flip TexCoord Y","value":true},{"name":"num columns","value":1},{"name":"num rows","value":1}],"portsOut":[{"name":"trigger","value":0},{"name":"geometry"}]},{"opId":"b250d606-f7f8-44d3-b099-c29efff2608a","objName":"Ops.Math.Compare.GreaterThan","id":"52131881-7be3-42b0-b964-057af0a40af8","uiAttribs":{"title":">","history":{"createdAt":1673882518004,"createdBy":{"name":"jruette"},"lastInteractionAt":1683077792717,"lastInteractionBy":{"name":"jruette"}},"translate":{"x":1236,"y":1800}},"portsIn":[{"name":"number1"},{"name":"number2","value":90}],"portsOut":[{"name":"result","links":[{"portIn":"boolean","portOut":"result","objIn":"6afbdab7-42af-4461-aefc-64666370c930","objOut":"52131881-7be3-42b0-b964-057af0a40af8"},{"portIn":"Clear","portOut":"result","objIn":"7004bfcc-c9ed-481d-bc8f-f1b8832df7f0","objOut":"52131881-7be3-42b0-b964-057af0a40af8"}]}]},{"opId":"9549e2ed-a544-4d33-a672-05c7854ccf5d","objName":"Ops.Boolean.IfTrueThen_v2","id":"6afbdab7-42af-4461-aefc-64666370c930","uiAttribs":{"history":{"createdAt":1673882557681,"createdBy":{"name":"jruette"},"lastInteractionAt":1673882557681,"lastInteractionBy":{"name":"jruette"}},"translate":{"x":1140,"y":1880}},"portsIn":[{"name":"exe"},{"name":"boolean"}],"portsOut":[{"name":"then","links":[{"portIn":"Set","portOut":"then","objIn":"66dc11a5-14a0-4902-9e3d-31ae73b16c85","objOut":"6afbdab7-42af-4461-aefc-64666370c930"},{"portIn":"Set","portOut":"then","objIn":"70b52429-3ff7-4823-a03f-817e2e40ac2b","objOut":"6afbdab7-42af-4461-aefc-64666370c930"},{"portIn":"Exec","portOut":"then","objIn":"63e88dbc-9ee5-4981-b63a-fa816879c018","objOut":"6afbdab7-42af-4461-aefc-64666370c930"}]},{"name":"else","links":[{"portIn":"Reset","portOut":"else","objIn":"63e88dbc-9ee5-4981-b63a-fa816879c018","objOut":"6afbdab7-42af-4461-aefc-64666370c930"}]}]},{"opId":"a466bc1f-06e9-4595-8849-bffb9fe22f99","objName":"Ops.Sequence","id":"e7a4d908-97e0-4365-8eac-ac8bca723175","uiAttribs":{"history":{"createdAt":1673882940354,"createdBy":{"name":"jruette"},"lastInteractionAt":1673882940354,"lastInteractionBy":{"name":"jruette"}},"translate":{"x":492,"y":1440}},"portsIn":[{"name":"exe"},{"name":"Clean up connections","value":0},{"name":"exe 0","value":0},{"name":"exe 1","value":0},{"name":"exe 2","value":0},{"name":"exe 3","value":0},{"name":"exe 4","value":0},{"name":"exe 5","value":0},{"name":"exe 6","value":0},{"name":"exe 7","value":0},{"name":"exe 8","value":0},{"name":"exe 9","value":0},{"name":"exe 10","value":0},{"name":"exe 11","value":0},{"name":"exe 12","value":0},{"name":"exe 13","value":0},{"name":"exe 14","value":0}],"portsOut":[{"name":"trigger 0","links":[{"portIn":"render","portOut":"trigger 0","objIn":"9edfc523-02fb-493f-a168-f1a19360762b","objOut":"e7a4d908-97e0-4365-8eac-ac8bca723175"}]},{"name":"trigger 1","value":0},{"name":"trigger 2","links":[{"portIn":"Render","portOut":"trigger 2","objIn":"9f6df563-8ee8-4175-a3c6-ea5a387a8e14","objOut":"e7a4d908-97e0-4365-8eac-ac8bca723175"}]},{"name":"trigger 3","value":0},{"name":"trigger 4","links":[{"portIn":"exe","portOut":"trigger 4","objIn":"6afbdab7-42af-4461-aefc-64666370c930","objOut":"e7a4d908-97e0-4365-8eac-ac8bca723175"}]},{"name":"trigger 5","links":[{"portIn":"exe","portOut":"trigger 5","objIn":"abcfde8d-5a19-456d-9438-fcac3acce99c","objOut":"e7a4d908-97e0-4365-8eac-ac8bca723175"}]},{"name":"trigger 6","value":0},{"name":"trigger 7","value":0},{"name":"trigger 8","value":0},{"name":"trigger 9","value":0},{"name":"trigger 10","value":0},{"name":"trigger 11","links":[{"portIn":"exe","portOut":"trigger 11","objIn":"84a0e86f-31e5-456b-8c13-06c9e15a69a7","objOut":"e7a4d908-97e0-4365-8eac-ac8bca723175"}]},{"name":"trigger 12","value":0},{"name":"trigger 13","value":0},{"name":"trigger 14","value":0},{"name":"trigger 15","value":0}]},{"opId":"1a1ef636-6d02-42ba-ae1e-627b917d0d2b","objName":"Ops.Math.Round","id":"b9cffe85-8918-4bbc-858f-3cde83235b3d","uiAttribs":{"history":{"createdAt":1673884714873,"createdBy":{"name":"jruette"},"lastInteractionAt":1673884714873,"lastInteractionBy":{"name":"jruette"}},"translate":{"x":660,"y":1760}},"portsIn":[{"name":"number"},{"name":"Decimal Places","value":0}],"portsOut":[{"name":"result","links":[{"portIn":"Number","portOut":"result","objIn":"710bd75f-2c6c-4bd4-af14-efa0bef1b091","objOut":"b9cffe85-8918-4bbc-858f-3cde83235b3d"}]}]},{"opId":"9989b1c0-1073-4d5f-bfa0-36dd98b66e27","objName":"Ops.Trigger.SetNumberOnTrigger","id":"66dc11a5-14a0-4902-9e3d-31ae73b16c85","uiAttribs":{"history":{"createdAt":1673914674596,"createdBy":{"name":"jruette"},"lastInteractionAt":1673914850414,"lastInteractionBy":{"name":"jruette"}},"translate":{"x":1212,"y":2040}},"portsIn":[{"name":"Set"},{"name":"Number","value":6}],"portsOut":[{"name":"Next","value":0},{"name":"Out Value","links":[{"portIn":"Value","portOut":"Out Value","objIn":"7545e35a-c253-4d33-b2e5-db1fd423f44f","objOut":"66dc11a5-14a0-4902-9e3d-31ae73b16c85"}]}]},{"opId":"b5249226-6095-4828-8a1c-080654e192fa","objName":"Ops.Vars.VarSetNumber_v2","id":"7545e35a-c253-4d33-b2e5-db1fd423f44f","uiAttribs":{"title":"var set ","history":{"createdAt":1673914914674,"createdBy":{"name":"jruette"},"lastInteractionAt":1673914922816,"lastInteractionBy":{"name":"jruette"}},"translate":{"x":1212,"y":2160},"extendTitle":"#background"},"portsIn":[{"name":"Value"},{"name":"Variable","value":"background"},{"name":"Create new variable","value":0},{"name":"","value":["Rename"]}],"portsOut":[]},{"opId":"9989b1c0-1073-4d5f-bfa0-36dd98b66e27","objName":"Ops.Trigger.SetNumberOnTrigger","id":"70b52429-3ff7-4823-a03f-817e2e40ac2b","uiAttribs":{"history":{"createdAt":1673914674596,"createdBy":{"name":"jruette"},"lastInteractionAt":1673915142161,"lastInteractionBy":{"name":"jruette"}},"translate":{"x":1416,"y":2080}},"portsIn":[{"name":"Set"},{"name":"Number","value":8}],"portsOut":[{"name":"Next","value":0},{"name":"Out Value","links":[{"portIn":"Value","portOut":"Out Value","objIn":"af7b54f1-3d79-49ed-804f-b4e297a64ab7","objOut":"70b52429-3ff7-4823-a03f-817e2e40ac2b"}]}]},{"opId":"b5249226-6095-4828-8a1c-080654e192fa","objName":"Ops.Vars.VarSetNumber_v2","id":"af7b54f1-3d79-49ed-804f-b4e297a64ab7","uiAttribs":{"title":"var set ","history":{"createdAt":1673914914674,"createdBy":{"name":"jruette"},"lastInteractionAt":1673915138757,"lastInteractionBy":{"name":"jruette"}},"translate":{"x":1428,"y":2160},"extendTitle":"#foreground"},"portsIn":[{"name":"Value"},{"name":"Variable","value":"foreground"},{"name":"Create new variable","value":0},{"name":"","value":["Rename"]}],"portsOut":[]},{"opId":"b250d606-f7f8-44d3-b099-c29efff2608a","objName":"Ops.Math.Compare.GreaterThan","id":"9969338c-0dd2-48ec-b854-87d3022e7932","uiAttribs":{"title":">","history":{"createdAt":1673882518004,"createdBy":{"name":"jruette"},"lastInteractionAt":1683236956891,"lastInteractionBy":{"name":"jruette"}},"translate":{"x":1704,"y":1740}},"portsIn":[{"name":"number1"},{"name":"number2","value":130}],"portsOut":[{"name":"result","links":[{"portIn":"boolean","portOut":"result","objIn":"84a0e86f-31e5-456b-8c13-06c9e15a69a7","objOut":"9969338c-0dd2-48ec-b854-87d3022e7932"}]}]},{"opId":"9549e2ed-a544-4d33-a672-05c7854ccf5d","objName":"Ops.Boolean.IfTrueThen_v2","id":"84a0e86f-31e5-456b-8c13-06c9e15a69a7","uiAttribs":{"history":{"createdAt":1673882557681,"createdBy":{"name":"jruette"},"lastInteractionAt":1673882557681,"lastInteractionBy":{"name":"jruette"}},"translate":{"x":1680,"y":1820}},"portsIn":[{"name":"exe"},{"name":"boolean"}],"portsOut":[{"name":"then","links":[{"portIn":"Set","portOut":"then","objIn":"308e2871-a2d7-4fd5-9846-30b3002fcfa5","objOut":"84a0e86f-31e5-456b-8c13-06c9e15a69a7"},{"portIn":"Set","portOut":"then","objIn":"191c4626-a424-45af-80fe-32e02b329866","objOut":"84a0e86f-31e5-456b-8c13-06c9e15a69a7"},{"portIn":"Reset","portOut":"then","objIn":"c4f9b664-c221-4fb7-871d-80813a8ef263","objOut":"84a0e86f-31e5-456b-8c13-06c9e15a69a7"},{"portIn":"Stop Playback","portOut":"then","objIn":"2984296d-fef2-4c77-9c85-4749eb9af13e","objOut":"84a0e86f-31e5-456b-8c13-06c9e15a69a7"},{"portIn":"Set","portOut":"then","objIn":"f6085acc-ee6c-4673-b58d-618e1dad5535","objOut":"84a0e86f-31e5-456b-8c13-06c9e15a69a7"}]},{"name":"else","value":0}]},{"opId":"9989b1c0-1073-4d5f-bfa0-36dd98b66e27","objName":"Ops.Trigger.SetNumberOnTrigger","id":"308e2871-a2d7-4fd5-9846-30b3002fcfa5","uiAttribs":{"history":{"createdAt":1673914674596,"createdBy":{"name":"jruette"},"lastInteractionAt":1673915950201,"lastInteractionBy":{"name":"jruette"}},"translate":{"x":1644,"y":2000}},"portsIn":[{"name":"Set"},{"name":"Number","value":3}],"portsOut":[{"name":"Next","value":0},{"name":"Out Value","links":[{"portIn":"Value","portOut":"Out Value","objIn":"0b36bd0a-8626-424a-a935-2ef3e0232e80","objOut":"308e2871-a2d7-4fd5-9846-30b3002fcfa5"}]}]},{"opId":"b5249226-6095-4828-8a1c-080654e192fa","objName":"Ops.Vars.VarSetNumber_v2","id":"0b36bd0a-8626-424a-a935-2ef3e0232e80","uiAttribs":{"title":"var set ","history":{"createdAt":1673914914674,"createdBy":{"name":"jruette"},"lastInteractionAt":1673914922816,"lastInteractionBy":{"name":"jruette"}},"translate":{"x":1656,"y":2080},"extendTitle":"#background"},"portsIn":[{"name":"Value"},{"name":"Variable","value":"background"},{"name":"Create new variable","value":0},{"name":"","value":["Rename"]}],"portsOut":[]},{"opId":"9989b1c0-1073-4d5f-bfa0-36dd98b66e27","objName":"Ops.Trigger.SetNumberOnTrigger","id":"191c4626-a424-45af-80fe-32e02b329866","uiAttribs":{"history":{"createdAt":1673914674596,"createdBy":{"name":"jruette"},"lastInteractionAt":1673915961819,"lastInteractionBy":{"name":"jruette"}},"translate":{"x":1860,"y":2000}},"portsIn":[{"name":"Set"},{"name":"Number","value":2}],"portsOut":[{"name":"Next","value":0},{"name":"Out Value","links":[{"portIn":"Value","portOut":"Out Value","objIn":"481d2b38-6fbd-4be9-bc60-87ab29e8adc8","objOut":"191c4626-a424-45af-80fe-32e02b329866"}]}]},{"opId":"b5249226-6095-4828-8a1c-080654e192fa","objName":"Ops.Vars.VarSetNumber_v2","id":"481d2b38-6fbd-4be9-bc60-87ab29e8adc8","uiAttribs":{"title":"var set ","history":{"createdAt":1673914914674,"createdBy":{"name":"jruette"},"lastInteractionAt":1673915138757,"lastInteractionBy":{"name":"jruette"}},"translate":{"x":1872,"y":2080},"extendTitle":"#foreground"},"portsIn":[{"name":"Value"},{"name":"Variable","value":"foreground"},{"name":"Create new variable","value":0},{"name":"","value":["Rename"]}],"portsOut":[]},{"opId":"790f3702-9833-464e-8e37-6f0f813f7e16","objName":"Ops.Gl.Texture_v2","id":"cd013e41-6fba-441a-8af3-082eb7b8dd46","uiAttribs":{"history":{"createdAt":1673915783860,"createdBy":{"name":"jruette"},"lastInteractionAt":1673915913562,"lastInteractionBy":{"name":"jruette"}},"translate":{"x":1572,"y":-20},"extendTitle":"La_Sirena_Papel_14_51x66_cm_2015"},"portsIn":[{"name":"File","value":"/assets/63c33ba3ad3729d5582a9eeb/La_Sirena_Papel_14_51x66_cm_2015.jpg","display":"file"},{"name":"Filter index","value":0},{"name":"Filter","value":"mipmap"},{"name":"Wrap index","value":2},{"name":"Wrap","value":"repeat"},{"name":"Anisotropic index","value":0},{"name":"Anisotropic","value":0},{"name":"Flip","value":false},{"name":"Pre Multiplied Alpha","value":false},{"name":"Active","value":true},{"name":"Save Memory","value":true}],"portsOut":[{"name":"Texture","links":[{"portIn":"texture3","portOut":"Texture","objIn":"97576b20-f239-4957-804b-7068b186bf95","objOut":"cd013e41-6fba-441a-8af3-082eb7b8dd46"}]},{"name":"Width","value":1492},{"name":"Height","value":1133},{"name":"Aspect Ratio","value":1.3168578993821711},{"name":"Loaded","value":true},{"name":"Loading","value":false}]},{"opId":"5f1d6a2f-1c04-4744-b0fb-910825beceee","objName":"Ops.WebAudio.AudioBuffer_v2","id":"50c2edf0-5151-41de-930d-e7fba38fb549","uiAttribs":{"translate":{"x":840,"y":2040},"history":{"createdAt":1666350268982,"createdBy":{"name":"marfharf"},"lastInteractionAt":1673917405223,"lastInteractionBy":{"name":"jruette"}}},"portsIn":[{"name":"URL","value":"/assets/63c33ba3ad3729d5582a9eeb/waterfall.mp3","display":"file"},{"name":"Create Loading Task","value":true}],"portsOut":[{"name":"Audio Buffer","links":[{"portIn":"Audio Buffer","portOut":"Audio Buffer","objIn":"2984296d-fef2-4c77-9c85-4749eb9af13e","objOut":"50c2edf0-5151-41de-930d-e7fba38fb549"}]},{"name":"Finished Loading","value":1},{"name":"Sample Rate","value":48000},{"name":"Length","value":3176489},{"name":"Duration","value":66.17685416666667},{"name":"Number of Channels","value":2},{"name":"isLoading","value":false}]},{"opId":"47796760-f211-47f5-9d6b-cc9cd6944897","objName":"Ops.WebAudio.SamplePlayer","id":"2984296d-fef2-4c77-9c85-4749eb9af13e","uiAttribs":{"translate":{"x":996,"y":2120},"history":{"createdAt":1666350273304,"createdBy":{"name":"marfharf"},"lastInteractionAt":1666350369128,"lastInteractionBy":{"name":"marfharf"}}},"portsIn":[{"name":"Audio Buffer"},{"name":"Play Sample"},{"name":"Stop Playback"},{"name":"Offset","value":0.05},{"name":"Buffer Size","value":32},{"name":"Playback Rate","value":1},{"name":"Detune","value":0}],"portsOut":[{"name":"Audio Out","links":[{"portIn":"Audio In 0","portOut":"Audio Out","objIn":"06da908f-03da-472a-85d8-7ac6a360852f","objOut":"2984296d-fef2-4c77-9c85-4749eb9af13e"}]},{"name":"Is Playing","value":true}]},{"opId":"90b95403-b0c4-4980-ab3b-b6c354771c81","objName":"Ops.WebAudio.Output_v2","id":"0871c2de-1632-4bf4-86a6-2b1cdec65fc9","uiAttribs":{"history":{"createdAt":1666350338369,"createdBy":{"name":"marfharf"},"lastInteractionAt":1673917448725,"lastInteractionBy":{"name":"jruette"}},"translate":{"x":924,"y":2340}},"portsIn":[{"name":"Audio In"},{"name":"Volume","value":1},{"name":"Mute","value":false},{"name":"Show Audio Suspended Button","value":true}],"portsOut":[{"name":"Current Volume","value":1},{"name":"Context State","value":"running"}]},{"opId":"363980dc-39b8-4690-8b8d-bff954f65d49","objName":"Ops.WebAudio.Mixer","id":"06da908f-03da-472a-85d8-7ac6a360852f","uiAttribs":{"history":{"createdAt":1666363517908,"createdBy":{"name":"marfharf"},"lastInteractionAt":1666363517908,"lastInteractionBy":{"name":"marfharf"}},"translate":{"x":924,"y":2220}},"portsIn":[{"name":"Audio In 0"},{"name":"Audio In 1","value":null},{"name":"Audio In 2","value":null},{"name":"Audio In 3","value":null},{"name":"Audio In 4","value":null},{"name":"Audio In 5","value":null},{"name":"Audio In 6","value":null},{"name":"Audio In 7","value":null},{"name":"In 0 Gain","value":1},{"name":"In 1 Gain","value":1},{"name":"In 2 Gain","value":1},{"name":"In 3 Gain","value":1},{"name":"In 4 Gain","value":1},{"name":"In 5 Gain","value":1},{"name":"In 6 Gain","value":1},{"name":"In 7 Gain","value":1},{"name":"In 0 Pan","value":0},{"name":"In 1 Pan","value":0},{"name":"In 2 Pan","value":0},{"name":"In 3 Pan","value":0},{"name":"In 4 Pan","value":0},{"name":"In 5 Pan","value":0},{"name":"In 6 Pan","value":0},{"name":"In 7 Pan","value":0},{"name":"Output Gain","value":1}],"portsOut":[{"name":"Audio Out","links":[{"portIn":"audio in","portOut":"Audio Out","objIn":"81951b5f-7ef7-4fa3-906f-6ded1466f401","objOut":"06da908f-03da-472a-85d8-7ac6a360852f"}]}]},{"opId":"29402bba-48ee-4f28-94f0-bdc345e6bb67","objName":"Ops.WebAudio.Gain","id":"81951b5f-7ef7-4fa3-906f-6ded1466f401","uiAttribs":{"history":{"createdAt":1666363596362,"createdBy":{"name":"marfharf"},"lastInteractionAt":1673917435162,"lastInteractionBy":{"name":"jruette"}},"translate":{"x":924,"y":2280}},"portsIn":[{"name":"audio in"},{"name":"gain","value":1},{"name":"Mute","value":false}],"portsOut":[{"name":"audio out","links":[{"portIn":"Audio In","portOut":"audio out","objIn":"0871c2de-1632-4bf4-86a6-2b1cdec65fc9","objOut":"81951b5f-7ef7-4fa3-906f-6ded1466f401"}]}]},{"opId":"cf3544e4-e392-432b-89fd-fcfb5c974388","objName":"Ops.Trigger.TriggerOnce","id":"63e88dbc-9ee5-4981-b63a-fa816879c018","uiAttribs":{"history":{"createdAt":1673916495509,"createdBy":{"name":"jruette"},"lastInteractionAt":1673916495509,"lastInteractionBy":{"name":"jruette"}},"translate":{"x":1020,"y":2000}},"portsIn":[{"name":"Exec"},{"name":"Reset"}],"portsOut":[{"name":"Next","links":[{"portIn":"Play Sample","portOut":"Next","objIn":"2984296d-fef2-4c77-9c85-4749eb9af13e","objOut":"63e88dbc-9ee5-4981-b63a-fa816879c018"}]},{"name":"Was Triggered","value":0}]},{"opId":"fb60ab7d-f2f2-4fc5-bcd0-88c6ed481908","objName":"Ops.Sidebar.Toggle_v3","id":"3dea3cbb-85d4-49eb-897a-ea40400ba003","uiAttribs":{"title":"Toggle: Ciclar","history":{"createdAt":1665403405464,"createdBy":{"name":"rufus"},"lastInteractionAt":1683076567022,"lastInteractionBy":{"name":"jruette"}},"translate":{"x":300,"y":420}},"portsIn":[{"name":"link"},{"name":"Text","value":"Ciclar"},{"name":"Input","value":false},{"name":"Set Default","value":0},{"name":"Default","value":false},{"name":"Grey Out","value":false},{"name":"Visible","value":true}],"portsOut":[{"name":"childs","links":[{"portIn":"link","portOut":"childs","objIn":"56bb4c80-4ff4-4690-b959-112daf513078","objOut":"3dea3cbb-85d4-49eb-897a-ea40400ba003"}]},{"name":"Value","links":[{"portIn":"Value","portOut":"Value","objIn":"deef0a56-095d-438c-906d-7c4064feebc4","objOut":"3dea3cbb-85d4-49eb-897a-ea40400ba003"}]}]},{"opId":"b5249226-6095-4828-8a1c-080654e192fa","objName":"Ops.Vars.VarSetNumber_v2","id":"deef0a56-095d-438c-906d-7c4064feebc4","uiAttribs":{"title":"var set ","history":{"createdAt":1665331776370,"createdBy":{"name":"rufus"},"lastInteractionAt":1665331776370,"lastInteractionBy":{"name":"rufus"}},"extendTitle":"#Cascada","translate":{"x":540,"y":480}},"portsIn":[{"name":"Value"},{"name":"Variable","value":"Cascada"},{"name":"Create new variable","value":0},{"name":"","value":["Rename"]}],"portsOut":[]},{"opId":"91cf65f1-94ac-423f-a536-af71eed08440","objName":"Ops.Boolean.IfFalseThen","id":"97da6c7c-c904-4fe2-8a14-789f3b5b53ee","uiAttribs":{"history":{"createdAt":1673918015247,"createdBy":{"name":"jruette"},"lastInteractionAt":1673918015247,"lastInteractionBy":{"name":"jruette"}},"translate":{"x":1020,"y":1560}},"portsIn":[{"name":"Exe","value":null},{"name":"Boolean"}],"portsOut":[{"name":"then","links":[{"portIn":"Reset","portOut":"then","objIn":"c4f9b664-c221-4fb7-871d-80813a8ef263","objOut":"97da6c7c-c904-4fe2-8a14-789f3b5b53ee"}]},{"name":"else","value":0}]},{"opId":"b250d606-f7f8-44d3-b099-c29efff2608a","objName":"Ops.Math.Compare.GreaterThan","id":"0210f93a-483d-4d5f-afb6-208cf133acda","uiAttribs":{"title":">","history":{"createdAt":1673882518004,"createdBy":{"name":"jruette"},"lastInteractionAt":1683236944541,"lastInteractionBy":{"name":"jruette"}},"translate":{"x":1440,"y":2300}},"portsIn":[{"name":"number1"},{"name":"number2","value":5}],"portsOut":[{"name":"result","links":[{"portIn":"boolean","portOut":"result","objIn":"abcfde8d-5a19-456d-9438-fcac3acce99c","objOut":"0210f93a-483d-4d5f-afb6-208cf133acda"}]}]},{"opId":"9549e2ed-a544-4d33-a672-05c7854ccf5d","objName":"Ops.Boolean.IfTrueThen_v2","id":"abcfde8d-5a19-456d-9438-fcac3acce99c","uiAttribs":{"history":{"createdAt":1673882557681,"createdBy":{"name":"jruette"},"lastInteractionAt":1673882557681,"lastInteractionBy":{"name":"jruette"}},"translate":{"x":1404,"y":2380}},"portsIn":[{"name":"exe"},{"name":"boolean"}],"portsOut":[{"name":"then","links":[{"portIn":"Set","portOut":"then","objIn":"223ab673-e404-49ce-977c-3bcbab56aecf","objOut":"abcfde8d-5a19-456d-9438-fcac3acce99c"}]},{"name":"else","links":[{"portIn":"Set","portOut":"else","objIn":"32ad3274-db5a-4a78-b433-b7dd4febb08c","objOut":"abcfde8d-5a19-456d-9438-fcac3acce99c"}]}]},{"opId":"9989b1c0-1073-4d5f-bfa0-36dd98b66e27","objName":"Ops.Trigger.SetNumberOnTrigger","id":"223ab673-e404-49ce-977c-3bcbab56aecf","uiAttribs":{"history":{"createdAt":1673914674596,"createdBy":{"name":"jruette"},"lastInteractionAt":1683077695901,"lastInteractionBy":{"name":"jruette"}},"translate":{"x":1392,"y":2480}},"portsIn":[{"name":"Set"},{"name":"Number","value":0.17}],"portsOut":[{"name":"Next","value":0},{"name":"Out Value","links":[{"portIn":"Value","portOut":"Out Value","objIn":"95ec84b8-b2ae-465b-83d2-f1f751072b51","objOut":"223ab673-e404-49ce-977c-3bcbab56aecf"}]}]},{"opId":"b5249226-6095-4828-8a1c-080654e192fa","objName":"Ops.Vars.VarSetNumber_v2","id":"95ec84b8-b2ae-465b-83d2-f1f751072b51","uiAttribs":{"title":"var set ","history":{"createdAt":1673914914674,"createdBy":{"name":"jruette"},"lastInteractionAt":1683077360424,"lastInteractionBy":{"name":"jruette"}},"translate":{"x":1404,"y":2560},"extendTitle":"#brushSize"},"portsIn":[{"name":"Value"},{"name":"Variable","value":"brushSize"},{"name":"Create new variable","value":0},{"name":"","value":["Rename"]}],"portsOut":[]},{"opId":"9989b1c0-1073-4d5f-bfa0-36dd98b66e27","objName":"Ops.Trigger.SetNumberOnTrigger","id":"32ad3274-db5a-4a78-b433-b7dd4febb08c","uiAttribs":{"history":{"createdAt":1673914674596,"createdBy":{"name":"jruette"},"lastInteractionAt":1683077698208,"lastInteractionBy":{"name":"jruette"}},"translate":{"x":1572,"y":2480}},"portsIn":[{"name":"Set"},{"name":"Number","value":0}],"portsOut":[{"name":"Next","value":0},{"name":"Out Value","links":[{"portIn":"Value","portOut":"Out Value","objIn":"77e3e01f-4c96-4797-b260-fbfb00186682","objOut":"32ad3274-db5a-4a78-b433-b7dd4febb08c"}]}]},{"opId":"b5249226-6095-4828-8a1c-080654e192fa","objName":"Ops.Vars.VarSetNumber_v2","id":"77e3e01f-4c96-4797-b260-fbfb00186682","uiAttribs":{"title":"var set ","history":{"createdAt":1673914914674,"createdBy":{"name":"jruette"},"lastInteractionAt":1683077366626,"lastInteractionBy":{"name":"jruette"}},"translate":{"x":1584,"y":2560},"extendTitle":"#brushSize"},"portsIn":[{"name":"Value"},{"name":"Variable","value":"brushSize"},{"name":"Create new variable","value":0},{"name":"","value":["Rename"]}],"portsOut":[]},{"opId":"9989b1c0-1073-4d5f-bfa0-36dd98b66e27","objName":"Ops.Trigger.SetNumberOnTrigger","id":"f6085acc-ee6c-4673-b58d-618e1dad5535","uiAttribs":{"history":{"createdAt":1673914674596,"createdBy":{"name":"jruette"},"lastInteractionAt":1683077698208,"lastInteractionBy":{"name":"jruette"}},"translate":{"x":2076,"y":2000}},"portsIn":[{"name":"Set"},{"name":"Number","value":0}],"portsOut":[{"name":"Next","value":0},{"name":"Out Value","links":[{"portIn":"Value","portOut":"Out Value","objIn":"d36470e8-170d-46d7-91c3-9056a0645fe7","objOut":"f6085acc-ee6c-4673-b58d-618e1dad5535"}]}]},{"opId":"b5249226-6095-4828-8a1c-080654e192fa","objName":"Ops.Vars.VarSetNumber_v2","id":"d36470e8-170d-46d7-91c3-9056a0645fe7","uiAttribs":{"title":"var set ","history":{"createdAt":1673914914674,"createdBy":{"name":"jruette"},"lastInteractionAt":1683077366626,"lastInteractionBy":{"name":"jruette"}},"translate":{"x":2088,"y":2080},"extendTitle":"#brushSize"},"portsIn":[{"name":"Value"},{"name":"Variable","value":"brushSize"},{"name":"Create new variable","value":0},{"name":"","value":["Rename"]}],"portsOut":[]}],"users":[],"usersReadOnly":[],"userOps":[],"tags":["manos","pintar","arte","art","canvas","hands","interactive"],"_id":"645bb96f685430381dd1531a","name":"La Sirena","description":"Obra de Daphne Anastassiou","userId":"645bb88e2f96ec383420ce6d","created":"2023-05-10T15:34:07.015Z","cloneOf":"6442fd6d1fddde98c1e824d6","updated":"2023-05-12T14:39:07.832Z","log":[{"_id":"645bb96f685430381dd1531c","key":"collabsatcreate","text":"initial list of collaborators:"}],"__v":7,"shortId":"2H5j6w","buildInfo":{"core":{"timestamp":1682341866190,"created":"2023-04-24T13:11:06.190Z","git":{"branch":"master","commit":"a8912bdbb85d335fb4b58c228bba4c8be8498ebd","date":"2023-04-24T13:08:49.000Z","message":"fix duplicate ids"}},"ui":{"timestamp":1682341878679,"created":"2023-04-24T13:11:18.679Z","git":{"branch":"master","commit":"92f3441db14505cdeafaf68ec0c717954f18584c","date":"2022-12-16T15:16:18.000Z","message":"do not show \"automated error report\" to admin users - pandrr/cables/issues/4193"}},"host":"cables.gl"},"opsHash":"3f0e8ec6a1fa760aa4641a8d930b91b3fd38d70a","ui":{"timeLineLength":20,"bookmarks":[],"viewBoxesGl":{"0":{"x":1271.1100000000001,"y":1684.4905869324473,"z":400.0035120975632}},"renderer":{"w":830,"h":440,"s":1}},"updatedByUser":"DaphneArte","cachedUsername":"DaphneArte","published":"2023-05-10T16:01:13.628Z","deployments":{"lastDeployment":{"date":1683734558179,"service":"download"}},"exports":2,"views":143,"statsAdmin":{"filenameScreenshots":["_screenshots/screenshot.png","_screenshots/screenshot_1683732970533.png","_screenshots/screenshot_1683733144435.png","_screenshots/screenshot_1683733151347.png","_screenshots/screenshot_1683733354959.png","_screenshots/screenshot_1683902308523.png","_screenshots/screenshot_1683902323158.png","_screenshots/screenshot_1683902335609.png","_screenshots/screenshot_1683902350469.png","_screenshots/screenshot_converted.jpg","_screenshots/screenshot_converted.webp"],"filenameExports":[],"filenameAssets":[],"hasOldScreenshots":false,"hasOldExports":false,"sizeScreenshots":7029.765625,"sizeExports":0,"sizeAssets":0},"cachedNumFavs":1}