{"creatorIdentifier":"com.facebook.arstudio.skylight","exportUnixTimestamp":1687387728,"projectFormatType":"single_file","projectName":"Iniciativa 5 limpio","exportDate":"2023-06-21T22:48:48+0000","creatorPlatform":"windows","projectFileVersion":{"mode":"prod","major":164,"minor":0,"patch":0,"prod":164,"dev":0},"targetingPlatforms":["instagram"],"files":{"project":"Iniciativa 5 limpio.arprojpkg","basic":"Iniciativa 5 limpio@uncompressed.arfx","pvr":"Iniciativa 5 limpio@pvr.arfx","etc":"Iniciativa 5 limpio@etc.arfx"},"editorVersion":{"codename":"Skylight","version":"164.0.0.34.213","build":"480528315","environment":"Release"},"capabilities":["bodyTracking","bodyTracking2DKeyPoints","componentEvaluation","instruction","javaScriptScripting","imageBasedLighting","visualShaders","shaderCode","composedMaterial","renderPasses","blocks","variadicMath","cameraInfoScriptingModule","sceneScriptingModule","reactiveScriptingModule"]}