{"creatorIdentifier":"com.facebook.arstudio.skylight","exportUnixTimestamp":1687387196,"projectFormatType":"single_file","projectName":"3D Object test","exportDate":"2023-06-21T22:39:56+0000","creatorPlatform":"windows","projectFileVersion":{"mode":"prod","major":164,"minor":0,"patch":0,"prod":164,"dev":0},"targetingPlatforms":["instagram"],"files":{"project":"3D Object test.arprojpkg","basic":"3D Object test@uncompressed.arfx","pvr":"3D Object test@pvr.arfx","etc":"3D Object test@etc.arfx"},"editorVersion":{"codename":"Skylight","version":"164.0.0.34.213","build":"480528315","environment":"Release"},"capabilities":["faceTracker","instruction","faceTracker3D","componentEvaluation","imageBasedLighting","visualShaders","pbrMaterial","visualShadersSdf","blocks","variadicMath","segmentation"],"customMetadata":{"arlibraryAssetIds":{"sketchfab":{"three_d_object":["32244a462730426ea2a214f3d2b1c1df"]}}}}